County,COVID_Deaths_Per_10K,Rurality_Score
Autauga County_AL,32.62,3
Baldwin County_AL,27.18,4
Barbour County_AL,32.18,6
Bibb County_AL,21.16,2
Blount County_AL,17.23,2
Bullock County_AL,0.00,6
Butler County_AL,43.92,6
Calhoun County_AL,56.96,4
Chambers County_AL,16.82,5
Cherokee County_AL,18.35,6
Chilton County_AL,17.00,2
Choctaw County_AL,21.48,6
Clarke County_AL,16.65,6
Clay County_AL,39.41,6
Cleburne County_AL,18.48,6
Coffee County_AL,37.04,5
Colbert County_AL,59.43,4
Conecuh County_AL,35.91,6
Coosa County_AL,10.67,5
Covington County_AL,69.23,6
Crenshaw County_AL,47.29,6
Cullman County_AL,46.26,5
Dale County_AL,28.96,5
Dallas County_AL,55.64,5
DeKalb County_AL,28.98,6
Elmore County_AL,10.96,3
Escambia County_AL,44.15,6
Etowah County_AL,73.88,4
Fayette County_AL,28.34,6
Franklin County_AL,22.48,6
Geneva County_AL,37.45,4
Greene County_AL,0.00,6
Hale County_AL,21.06,4
Henry County_AL,6.34,4
Houston County_AL,99.16,4
Jackson County_AL,30.94,5
Jefferson County_AL,58.62,1
Lamar County_AL,15.17,6
Lauderdale County_AL,54.13,4
Lawrence County_AL,24.45,4
Lee County_AL,33.08,4
Limestone County_AL,23.85,3
Lowndes County_AL,13.90,3
Macon County_AL,9.42,6
Madison County_AL,38.23,3
Marengo County_AL,65.53,6
Marion County_AL,43.54,6
Marshall County_AL,40.30,5
Mobile County_AL,48.65,3
Monroe County_AL,34.68,6
Montgomery County_AL,68.40,3
Morgan County_AL,37.95,4
Perry County_AL,20.41,6
Pickens County_AL,29.72,4
Pike County_AL,34.02,5
Randolph County_AL,12.62,6
Russell County_AL,19.18,3
St Clair County_AL,20.00,2
Shelby County_AL,14.68,2
Sumter County_AL,15.72,6
Talladega County_AL,36.46,5
Tallapoosa County_AL,43.23,6
Tuscaloosa County_AL,47.13,4
Walker County_AL,56.89,2
Wilcox County_AL,13.52,6
Winston County_AL,29.22,6
Aleutians East Borough_AK,0.00,6
Anchorage Municipality_AK,26.46,3
Bethel Census Area_AK,21.56,6
Denali Borough_AK,0.00,6
Dillingham Census Area_AK,0.00,6
Fairbanks North Star Borough_AK,21.05,4
Hoonah-Angoon Census Area_AK,0.00,6
Juneau City and Borough_AK,5.62,5
Kenai Peninsula Borough_AK,15.28,6
Ketchikan Gateway Borough_AK,12.27,5
Kodiak Island Borough_AK,0.00,6
Matanuska-Susitna Borough_AK,21.96,3
Nome Census Area_AK,0.00,6
North Slope Borough_AK,0.00,6
Northwest Arctic Borough_AK,13.09,6
Prince of Wales-Hyder Census Area_AK,0.00,6
Sitka City and Borough_AK,11.88,6
Skagway Municipality_AK,0.00,6
Southeast Fairbanks Census Area_AK,0.00,6
Wrangell City and Borough_AK,0.00,6
Yukon-Koyukuk Census Area_AK,0.00,6
Apache County_AZ,25.73,6
Cochise County_AZ,22.85,4
Coconino County_AZ,34.31,4
Gila County_AZ,47.46,5
Graham County_AZ,31.00,5
Greenlee County_AZ,0.00,6
La Paz County_AZ,29.68,6
Maricopa County_AZ,41.98,1
Mohave County_AZ,61.72,4
Navajo County_AZ,39.84,5
Pima County_AZ,45.75,3
Pinal County_AZ,16.96,2
Santa Cruz County_AZ,7.49,5
Yavapai County_AZ,46.33,4
Yuma County_AZ,57.09,4
Ashley County_AR,14.93,6
Baxter County_AR,90.04,5
Benton County_AR,36.71,3
Boone County_AR,43.46,5
Bradley County_AR,29.88,6
Calhoun County_AR,0.00,5
Carroll County_AR,11.96,6
Chicot County_AR,30.76,6
Clark County_AR,18.76,5
Clay County_AR,36.04,6
Cleburne County_AR,25.27,6
Cleveland County_AR,18.63,4
Columbia County_AR,41.65,5
Conway County_AR,8.63,6
Craighead County_AR,101.78,4
Crawford County_AR,15.06,3
Crittenden County_AR,14.26,2
Cross County_AR,28.69,6
Dallas County_AR,47.21,6
Desha County_AR,17.06,6
Drew County_AR,20.40,6
Faulkner County_AR,38.67,3
Franklin County_AR,20.39,6
Fulton County_AR,49.31,6
Garland County_AR,77.33,4
Grant County_AR,10.51,3
Greene County_AR,20.17,5
Hempstead County_AR,22.73,6
Hot Spring County_AR,12.38,5
Howard County_AR,33.09,6
Independence County_AR,87.89,5
Izard County_AR,23.21,6
Jackson County_AR,16.14,6
Jefferson County_AR,45.76,4
Johnson County_AR,22.81,6
Lafayette County_AR,0.00,6
Lawrence County_AR,19.09,6
Lee County_AR,19.97,6
Lincoln County_AR,13.10,4
Little River County_AR,41.02,4
Logan County_AR,21.25,6
Lonoke County_AR,8.19,3
Madison County_AR,7.70,3
Marion County_AR,20.61,6
Miller County_AR,11.51,4
Monroe County_AR,0.00,6
Montgomery County_AR,26.93,6
Newton County_AR,33.50,5
Ouachita County_AR,41.49,5
Perry County_AR,0.00,3
Phillips County_AR,27.44,5
Pike County_AR,13.78,6
Poinsett County_AR,8.34,4
Polk County_AR,59.16,6
Pope County_AR,25.14,5
Prairie County_AR,12.24,6
Pulaski County_AR,63.48,3
Randolph County_AR,23.52,6
St Francis County_AR,17.10,5
Saline County_AR,21.52,3
Scott County_AR,27.51,6
Searcy County_AR,26.69,6
Sebastian County_AR,86.22,3
Sevier County_AR,8.25,6
Sharp County_AR,15.98,6
Stone County_AR,26.55,6
Union County_AR,46.47,5
Van Buren County_AR,11.35,6
White County_AR,53.02,5
Woodruff County_AR,0.00,6
Yell County_AR,21.30,5
Alameda County_CA,15.26,1
Amador County_CA,25.19,6
Butte County_CA,36.35,4
Calaveras County_CA,13.52,6
Colusa County_CA,16.45,6
Contra Costa County_CA,14.35,2
Del Norte County_CA,23.64,5
El Dorado County_CA,12.39,2
Fresno County_CA,31.89,3
Glenn County_CA,22.30,6
Humboldt County_CA,15.78,5
Imperial County_CA,48.24,4
Inyo County_CA,26.96,6
Kern County_CA,29.32,3
Kings County_CA,37.84,4
Lake County_CA,16.40,5
Lassen County_CA,16.09,5
Los Angeles County_CA,32.90,1
Madera County_CA,24.25,4
Marin County_CA,13.71,2
Mariposa County_CA,6.44,6
Mendocino County_CA,16.17,5
Merced County_CA,20.71,3
Modoc County_CA,23.23,6
Mono County_CA,0.00,6
Monterey County_CA,18.27,3
Napa County_CA,15.16,4
Orange County_CA,27.78,1
Placer County_CA,29.59,2
Plumas County_CA,11.67,6
Riverside County_CA,34.58,1
Sacramento County_CA,23.72,1
San Benito County_CA,14.60,2
San Bernardino County_CA,40.36,2
San Diego County_CA,23.38,1
San Francisco County_CA,12.88,1
San Joaquin County_CA,32.06,3
San Luis Obispo County_CA,17.63,3
San Mateo County_CA,12.70,2
Santa Barbara County_CA,21.08,3
Santa Clara County_CA,16.71,1
Santa Cruz County_CA,16.43,3
Shasta County_CA,44.40,4
Sierra County_CA,0.00,6
Siskiyou County_CA,25.04,6
Solano County_CA,19.76,3
Sonoma County_CA,16.34,3
Stanislaus County_CA,48.38,3
Sutter County_CA,9.38,4
Tehama County_CA,29.91,5
Trinity County_CA,0.00,6
Tulare County_CA,32.94,3
Tuolumne County_CA,40.44,5
Ventura County_CA,21.84,3
Yolo County_CA,14.70,2
Yuba County_CA,37.69,4
Adams County_CO,33.24,2
Alamosa County_CO,46.73,6
Arapahoe County_CO,23.34,2
Archuleta County_CO,0.00,6
Baca County_CO,37.38,6
Bent County_CO,29.27,6
Boulder County_CO,24.19,3
Broomfield County_CO,10.66,2
Chaffee County_CO,22.31,6
Cheyenne County_CO,0.00,6
Clear Creek County_CO,0.00,2
Conejos County_CO,31.91,6
Costilla County_CO,0.00,6
Crowley County_CO,22.65,6
Custer County_CO,0.00,6
Delta County_CO,43.12,6
Denver County_CO,21.21,1
Dolores County_CO,0.00,6
Douglas County_CO,18.47,2
Eagle County_CO,3.60,5
Elbert County_CO,8.58,2
El Paso County_CO,30.96,3
Fremont County_CO,30.71,5
Garfield County_CO,15.16,5
Gilpin County_CO,0.00,2
Grand County_CO,7.61,6
Gunnison County_CO,0.00,6
Huerfano County_CO,44.85,6
Jefferson County_CO,27.15,2
Kit Carson County_CO,18.54,6
Lake County_CO,0.00,6
La Plata County_CO,26.95,5
Larimer County_CO,23.67,3
Las Animas County_CO,13.18,6
Lincoln County_CO,0.00,6
Logan County_CO,43.46,5
Mesa County_CO,50.08,4
Mineral County_CO,0.00,6
Moffat County_CO,32.52,5
Montezuma County_CO,14.56,6
Montrose County_CO,43.58,5
Morgan County_CO,32.99,5
Otero County_CO,36.66,6
Ouray County_CO,0.00,6
Park County_CO,5.67,2
Phillips County_CO,28.85,6
Pitkin County_CO,0.00,5
Prowers County_CO,24.24,6
Pueblo County_CO,55.26,4
Rio Blanco County_CO,19.94,6
Rio Grande County_CO,18.34,6
Routt County_CO,11.23,5
Saguache County_CO,0.00,6
San Miguel County_CO,0.00,6
Sedgwick County_CO,0.00,6
Summit County_CO,4.86,5
Teller County_CO,13.30,3
Weld County_CO,19.70,3
Yuma County_CO,21.10,6
Kent County_DE,35.13,4
New Castle County_DE,30.36,2
Sussex County_DE,39.96,3
Alachua County_FL,58.79,3
Baker County_FL,9.22,2
Bay County_FL,52.08,4
Bradford County_FL,12.15,6
Brevard County_FL,37.75,3
Broward County_FL,32.27,2
Calhoun County_FL,23.56,6
Charlotte County_FL,42.93,4
Citrus County_FL,58.25,4
Clay County_FL,45.22,2
Collier County_FL,34.53,3
Columbia County_FL,70.40,5
DeSoto County_FL,21.49,5
Dixie County_FL,6.52,6
Duval County_FL,41.96,1
Escambia County_FL,56.28,3
Flagler County_FL,34.07,3
Franklin County_FL,9.68,6
Gadsden County_FL,12.86,3
Gilchrist County_FL,9.31,3
Glades County_FL,0.00,6
Gulf County_FL,8.93,4
Hamilton County_FL,0.00,6
Hardee County_FL,8.66,5
Hendry County_FL,12.68,5
Hernando County_FL,57.72,2
Highlands County_FL,75.14,4
Hillsborough County_FL,28.99,1
Holmes County_FL,30.70,6
Indian River County_FL,37.89,4
Jackson County_FL,38.58,6
Jefferson County_FL,15.06,3
Lafayette County_FL,19.89,6
Lake County_FL,39.58,2
Lee County_FL,29.55,3
Leon County_FL,46.90,3
Levy County_FL,16.88,6
Liberty County_FL,0.00,6
Madison County_FL,17.20,6
Manatee County_FL,37.98,3
Marion County_FL,59.03,3
Martin County_FL,50.24,3
Miami-Dade County_FL,39.95,1
Monroe County_FL,6.67,5
Nassau County_FL,15.31,2
Okaloosa County_FL,33.12,4
Okeechobee County_FL,37.31,5
Orange County_FL,25.88,1
Osceola County_FL,32.42,2
Palm Beach County_FL,39.93,2
Pasco County_FL,35.54,2
Pinellas County_FL,37.68,1
Polk County_FL,38.20,3
Putnam County_FL,43.99,5
St Johns County_FL,13.21,2
St Lucie County_FL,30.10,3
Santa Rosa County_FL,18.15,3
Sarasota County_FL,49.90,3
Seminole County_FL,21.82,2
Sumter County_FL,52.68,4
Suwannee County_FL,13.37,6
Taylor County_FL,17.29,6
Union County_FL,22.28,6
Volusia County_FL,38.38,3
Wakulla County_FL,8.17,3
Walton County_FL,27.98,4
Appling County_GA,36.93,6
Atkinson County_GA,0.00,6
Bacon County_GA,79.98,6
Baker County_GA,0.00,4
Baldwin County_GA,51.00,5
Banks County_GA,5.95,6
Barrow County_GA,9.78,2
Bartow County_GA,33.22,2
Ben Hill County_GA,56.57,5
Berrien County_GA,14.31,6
Bibb County_GA,78.08,4
Bleckley County_GA,33.05,6
Brantley County_GA,11.05,4
Brooks County_GA,14.13,4
Bryan County_GA,4.97,3
Bulloch County_GA,36.13,5
Burke County_GA,17.15,3
Butts County_GA,22.36,2
Calhoun County_GA,0.00,6
Camden County_GA,14.02,5
Candler County_GA,74.53,6
Carroll County_GA,55.94,2
Catoosa County_GA,18.16,3
Charlton County_GA,9.48,6
Chatham County_GA,51.08,3
Chattahoochee County_GA,0.00,3
Chattooga County_GA,8.03,5
Cherokee County_GA,17.78,2
Clarke County_GA,62.76,4
Clay County_GA,0.00,6
Clayton County_GA,14.03,2
Clinch County_GA,23.85,6
Cobb County_GA,26.48,2
Coffee County_GA,64.07,5
Colquitt County_GA,54.11,5
Columbia County_GA,5.04,3
Cook County_GA,12.15,6
Coweta County_GA,33.04,2
Crawford County_GA,0.00,4
Crisp County_GA,79.59,5
Dade County_GA,12.35,3
Dawson County_GA,6.05,2
Decatur County_GA,32.21,5
DeKalb County_GA,17.50,2
Dodge County_GA,72.15,6
Dooly County_GA,9.13,6
Dougherty County_GA,92.81,4
Douglas County_GA,16.92,2
Early County_GA,22.39,6
Echols County_GA,0.00,4
Effingham County_GA,10.84,3
Elbert County_GA,23.90,6
Emanuel County_GA,51.60,6
Evans County_GA,32.58,6
Fannin County_GA,43.42,6
Fayette County_GA,46.70,2
Floyd County_GA,95.87,4
Forsyth County_GA,22.32,2
Franklin County_GA,31.74,6
Fulton County_GA,29.47,1
Gilmer County_GA,20.74,6
Glascock County_GA,51.63,6
Glynn County_GA,64.35,4
Gordon County_GA,50.59,5
Grady County_GA,24.92,6
Greene County_GA,17.52,6
Gwinnett County_GA,15.80,2
Habersham County_GA,30.26,5
Hall County_GA,82.86,4
Hancock County_GA,18.56,5
Haralson County_GA,13.78,2
Harris County_GA,3.96,3
Hart County_GA,7.24,6
Heard County_GA,9.54,2
Henry County_GA,33.08,2
Houston County_GA,30.27,4
Irwin County_GA,33.85,6
Jackson County_GA,5.55,5
Jasper County_GA,17.86,2
Jeff Davis County_GA,37.77,6
Jefferson County_GA,27.65,6
Jenkins County_GA,34.47,6
Johnson County_GA,25.10,5
Jones County_GA,4.93,4
Lamar County_GA,18.62,2
Lanier County_GA,0.00,4
Laurens County_GA,77.05,5
Lee County_GA,3.30,4
Liberty County_GA,11.45,4
Lincoln County_GA,0.00,3
Long County_GA,0.00,4
Lowndes County_GA,50.32,4
Lumpkin County_GA,14.24,6
McDuffie County_GA,17.09,3
McIntosh County_GA,0.00,4
Macon County_GA,8.39,6
Madison County_GA,3.91,4
Marion County_GA,16.05,3
Meriwether County_GA,21.26,2
Miller County_GA,55.75,6
Mitchell County_GA,14.92,6
Monroe County_GA,28.03,4
Montgomery County_GA,0.00,5
Morgan County_GA,7.32,2
Murray County_GA,13.96,4
Muscogee County_GA,65.87,3
Newton County_GA,28.63,2
Oconee County_GA,18.31,4
Oglethorpe County_GA,0.00,4
Paulding County_GA,16.28,2
Peach County_GA,21.62,4
Pickens County_GA,67.08,2
Pierce County_GA,9.55,5
Pike County_GA,10.34,2
Polk County_GA,8.33,5
Pulaski County_GA,96.70,4
Putnam County_GA,22.26,6
Quitman County_GA,0.00,6
Rabun County_GA,25.26,6
Randolph County_GA,20.67,6
Richmond County_GA,99.09,3
Rockdale County_GA,34.45,2
Schley County_GA,0.00,5
Screven County_GA,18.51,6
Seminole County_GA,17.51,6
Spalding County_GA,76.20,2
Stephens County_GA,35.47,5
Stewart County_GA,0.00,6
Sumter County_GA,56.08,5
Talbot County_GA,0.00,6
Tattnall County_GA,18.60,6
Taylor County_GA,0.00,6
Telfair County_GA,10.48,6
Terrell County_GA,13.34,4
Thomas County_GA,71.49,5
Tift County_GA,94.40,5
Toombs County_GA,106.10,5
Towns County_GA,42.46,6
Treutlen County_GA,31.32,6
Troup County_GA,67.81,5
Turner County_GA,17.90,6
Twiggs County_GA,15.18,4
Union County_GA,67.47,6
Upson County_GA,120.87,5
Walker County_GA,16.43,3
Walton County_GA,37.01,2
Ware County_GA,99.42,5
Warren County_GA,0.00,6
Wayne County_GA,59.95,5
Webster County_GA,0.00,6
Wheeler County_GA,0.00,6
White County_GA,14.83,6
Whitfield County_GA,45.89,4
Wilcox County_GA,15.97,6
Wilkes County_GA,23.01,6
Wilkinson County_GA,14.79,6
Worth County_GA,16.97,4
Honolulu County_HI,13.34,3
Kauai County_HI,5.85,5
Maui County_HI,11.48,4
Ada County_ID,33.50,3
Adams County_ID,0.00,6
Bannock County_ID,37.14,4
Bear Lake County_ID,18.45,6
Benewah County_ID,21.31,6
Bingham County_ID,16.01,5
Blaine County_ID,6.92,5
Boise County_ID,0.00,3
Bonner County_ID,30.28,5
Bonneville County_ID,38.80,4
Boundary County_ID,39.86,6
Butte County_ID,0.00,4
Canyon County_ID,27.49,3
Caribou County_ID,31.05,6
Cassia County_ID,12.75,5
Clark County_ID,0.00,6
Clearwater County_ID,44.05,6
Custer County_ID,0.00,6
Elmore County_ID,9.34,5
Franklin County_ID,11.65,4
Fremont County_ID,9.56,5
Gem County_ID,21.87,3
Gooding County_ID,20.42,6
Jefferson County_ID,5.33,4
Jerome County_ID,6.49,5
Kootenai County_ID,43.28,4
Latah County_ID,11.96,5
Lemhi County_ID,14.86,6
Lewis County_ID,0.00,6
Lincoln County_ID,0.00,5
Madison County_ID,9.12,5
Minidoka County_ID,21.51,5
Nez Perce County_ID,38.65,4
Oneida County_ID,0.00,6
Owyhee County_ID,24.56,3
Payette County_ID,16.49,5
Power County_ID,13.85,6
Shoshone County_ID,29.61,6
Teton County_ID,0.00,5
Twin Falls County_ID,48.90,5
Valley County_ID,0.00,6
Adams County_IL,67.84,5
Alexander County_IL,0.00,4
Bond County_IL,19.21,2
Boone County_IL,11.07,3
Brown County_IL,23.76,6
Bureau County_IL,44.18,5
Calhoun County_IL,0.00,2
Carroll County_IL,15.98,6
Cass County_IL,22.53,6
Champaign County_IL,33.27,4
Christian County_IL,26.94,5
Clark County_IL,17.57,6
Clay County_IL,34.87,6
Clinton County_IL,15.45,2
Coles County_IL,54.18,5
Cook County_IL,30.91,1
Crawford County_IL,25.76,6
Cumberland County_IL,21.18,5
DeKalb County_IL,24.52,2
De Witt County_IL,21.41,4
Douglas County_IL,11.65,6
DuPage County_IL,21.16,2
Edgar County_IL,41.99,6
Edwards County_IL,0.00,6
Effingham County_IL,45.14,5
Fayette County_IL,26.60,6
Ford County_IL,53.54,4
Franklin County_IL,27.96,6
Fulton County_IL,33.57,5
Gallatin County_IL,0.00,6
Greene County_IL,34.58,6
Grundy County_IL,34.50,2
Hamilton County_IL,43.89,6
Hancock County_IL,31.52,5
Hardin County_IL,44.03,6
Henderson County_IL,28.60,5
Henry County_IL,23.30,3
Iroquois County_IL,29.08,6
Jackson County_IL,53.61,4
Jasper County_IL,23.82,6
Jefferson County_IL,77.61,5
Jersey County_IL,39.71,2
Jo Daviess County_IL,16.40,6
Johnson County_IL,0.00,6
Kane County_IL,25.42,2
Kankakee County_IL,37.24,4
Kendall County_IL,2.54,2
Knox County_IL,57.85,5
Lake County_IL,21.06,2
Lawrence County_IL,14.50,6
Lee County_IL,36.71,5
Livingston County_IL,33.88,5
Logan County_IL,24.77,5
McDonough County_IL,36.28,5
McHenry County_IL,13.06,2
McLean County_IL,28.64,4
Macon County_IL,45.25,4
Macoupin County_IL,24.86,2
Madison County_IL,34.71,2
Marion County_IL,47.04,5
Marshall County_IL,12.82,3
Mason County_IL,34.78,6
Massac County_IL,47.71,5
Menard County_IL,18.01,4
Mercer County_IL,16.03,3
Monroe County_IL,15.44,2
Montgomery County_IL,36.57,6
Morgan County_IL,53.31,5
Moultrie County_IL,12.45,6
Ogle County_IL,14.74,5
Peoria County_IL,75.47,3
Perry County_IL,29.24,6
Piatt County_IL,13.16,4
Pike County_IL,46.52,6
Pope County_IL,0.00,6
Pulaski County_IL,0.00,6
Putnam County_IL,0.00,5
Randolph County_IL,39.49,6
Richland County_IL,60.61,6
Rock Island County_IL,39.75,3
St Clair County_IL,32.68,2
Saline County_IL,46.01,6
Sangamon County_IL,42.07,4
Schuyler County_IL,38.04,6
Scott County_IL,0.00,5
Shelby County_IL,16.28,6
Stark County_IL,42.92,3
Stephenson County_IL,54.07,5
Tazewell County_IL,18.59,3
Union County_IL,23.48,6
Vermilion County_IL,33.08,4
Wabash County_IL,21.35,6
Warren County_IL,30.02,6
Wayne County_IL,41.79,6
White County_IL,28.33,6
Whiteside County_IL,50.62,5
Will County_IL,21.44,2
Williamson County_IL,56.59,4
Winnebago County_IL,40.32,3
Woodford County_IL,21.93,3
Adams County_IN,21.16,5
Allen County_IN,54.84,3
Bartholomew County_IN,41.49,4
Benton County_IN,0.00,4
Blackford County_IN,28.22,6
Boone County_IN,27.53,2
Brown County_IN,22.54,2
Carroll County_IN,11.26,4
Cass County_IN,32.90,5
Clark County_IN,29.42,2
Clay County_IN,17.04,4
Clinton County_IN,19.97,5
Crawford County_IN,10.46,6
Daviess County_IN,32.94,5
Dearborn County_IN,31.64,2
Decatur County_IN,42.02,5
DeKalb County_IN,27.64,5
Dubois County_IN,42.86,5
Elkhart County_IN,38.50,4
Fayette County_IN,26.53,5
Floyd County_IN,67.27,2
Fountain County_IN,24.85,6
Franklin County_IN,6.12,6
Fulton County_IN,36.74,6
Gibson County_IN,20.30,6
Grant County_IN,47.33,5
Greene County_IN,32.73,6
Hamilton County_IN,19.65,2
Hancock County_IN,32.74,2
Harrison County_IN,26.42,2
Hendricks County_IN,41.55,2
Henry County_IN,26.36,5
Howard County_IN,60.28,4
Huntington County_IN,23.68,5
Jackson County_IN,33.21,5
Jasper County_IN,18.76,2
Jay County_IN,16.20,6
Jefferson County_IN,66.81,5
Jennings County_IN,14.88,5
Johnson County_IN,21.28,2
Knox County_IN,67.92,5
Kosciusko County_IN,16.79,5
LaGrange County_IN,17.74,6
Lake County_IN,49.36,2
LaPorte County_IN,35.65,4
Lawrence County_IN,35.50,5
Madison County_IN,47.87,2
Marion County_IN,45.47,1
Marshall County_IN,35.52,5
Martin County_IN,16.32,6
Miami County_IN,28.97,5
Monroe County_IN,37.70,4
Montgomery County_IN,21.29,5
Morgan County_IN,24.02,2
Newton County_IN,28.97,2
Noble County_IN,21.30,5
Orange County_IN,34.87,6
Owen County_IN,21.51,4
Parke County_IN,0.00,6
Perry County_IN,23.95,6
Pike County_IN,23.75,5
Porter County_IN,29.89,2
Posey County_IN,5.17,3
Pulaski County_IN,38.48,6
Putnam County_IN,19.50,2
Randolph County_IN,22.09,6
Ripley County_IN,39.64,6
Rush County_IN,14.35,6
St Joseph County_IN,36.47,3
Scott County_IN,24.14,2
Shelby County_IN,36.20,2
Spencer County_IN,8.55,6
Starke County_IN,14.56,6
Steuben County_IN,16.49,5
Sullivan County_IN,23.59,4
Switzerland County_IN,11.18,6
Tippecanoe County_IN,41.13,4
Tipton County_IN,43.58,6
Union County_IN,0.00,2
Vanderburgh County_IN,60.46,3
Vermillion County_IN,21.38,4
Vigo County_IN,61.55,4
Wabash County_IN,37.53,5
Warren County_IN,26.05,6
Warrick County_IN,84.13,3
Wayne County_IN,78.40,5
Wells County_IN,31.90,3
White County_IN,17.44,6
Whitley County_IN,18.60,3
Adair County_IA,46.63,6
Adams County_IA,38.17,6
Allamakee County_IA,40.67,6
Appanoose County_IA,51.47,6
Audubon County_IA,30.06,6
Benton County_IA,17.95,3
Black Hawk County_IA,48.71,4
Boone County_IA,14.98,5
Bremer County_IA,31.48,4
Buchanan County_IA,13.56,6
Buena Vista County_IA,21.20,5
Butler County_IA,19.55,6
Calhoun County_IA,0.00,6
Carroll County_IA,38.17,6
Cass County_IA,54.94,6
Cedar County_IA,14.09,6
Cerro Gordo County_IA,70.28,5
Cherokee County_IA,44.88,6
Chickasaw County_IA,10.08,6
Clarke County_IA,33.92,6
Clay County_IA,22.55,5
Clayton County_IA,35.80,6
Clinton County_IA,35.10,5
Crawford County_IA,27.53,6
Dallas County_IA,10.58,3
Davis County_IA,26.30,5
Decatur County_IA,23.54,6
Des Moines County_IA,54.10,5
Dickinson County_IA,32.52,5
Dubuque County_IA,39.49,4
Emmet County_IA,48.37,6
Fayette County_IA,33.01,6
Floyd County_IA,26.45,6
Franklin County_IA,22.07,6
Fremont County_IA,18.32,6
Greene County_IA,19.43,6
Grundy County_IA,33.21,4
Guthrie County_IA,20.72,3
Hamilton County_IA,47.53,6
Hancock County_IA,35.41,6
Hardin County_IA,27.47,6
Harrison County_IA,54.72,3
Henry County_IA,27.48,6
Howard County_IA,37.90,6
Humboldt County_IA,30.21,6
Ida County_IA,58.82,6
Jackson County_IA,22.15,6
Jasper County_IA,16.91,5
Jefferson County_IA,24.83,5
Johnson County_IA,43.22,4
Jones County_IA,22.65,3
Keokuk County_IA,34.11,6
Kossuth County_IA,45.04,6
Lee County_IA,29.45,5
Linn County_IA,35.33,3
Louisa County_IA,28.78,6
Lucas County_IA,27.71,6
Lyon County_IA,29.11,6
Madison County_IA,17.31,3
Mahaska County_IA,35.82,5
Marion County_IA,31.36,6
Marshall County_IA,23.25,5
Mills County_IA,0.00,3
Mitchell County_IA,42.61,6
Monona County_IA,50.89,6
Monroe County_IA,52.78,6
Montgomery County_IA,47.59,6
Muscatine County_IA,22.63,5
O'Brien County_IA,36.13,6
Osceola County_IA,26.02,6
Page County_IA,20.41,6
Palo Alto County_IA,37.02,6
Plymouth County_IA,28.41,4
Pocahontas County_IA,26.90,6
Polk County_IA,37.84,3
Pottawattamie County_IA,38.51,3
Poweshiek County_IA,33.89,6
Ringgold County_IA,66.66,6
Sac County_IA,20.50,6
Scott County_IA,30.45,3
Shelby County_IA,42.65,6
Sioux County_IA,18.64,6
Story County_IA,18.06,4
Tama County_IA,29.42,6
Taylor County_IA,0.00,6
Union County_IA,36.51,6
Van Buren County_IA,26.26,6
Wapello County_IA,40.82,5
Warren County_IA,13.91,3
Wayne County_IA,47.73,6
Webster County_IA,61.98,5
Winnebago County_IA,21.58,6
Winneshiek County_IA,24.00,6
Woodbury County_IA,53.39,4
Worth County_IA,0.00,5
Wright County_IA,38.95,6
Allen County_KS,23.92,6
Anderson County_KS,21.75,6
Atchison County_KS,16.61,5
Barber County_KS,24.01,6
Barton County_KS,30.03,5
Bourbon County_KS,13.91,6
Brown County_KS,31.74,6
Butler County_KS,18.75,3
Chase County_KS,0.00,6
Chautauqua County_KS,0.00,6
Cherokee County_KS,13.00,6
Cheyenne County_KS,0.00,6
Clark County_KS,66.22,6
Clay County_KS,45.72,6
Cloud County_KS,43.40,6
Coffey County_KS,38.40,6
Comanche County_KS,83.48,6
Cowley County_KS,35.61,5
Crawford County_KS,49.99,5
Decatur County_KS,36.40,6
Dickinson County_KS,43.43,6
Doniphan County_KS,30.83,4
Douglas County_KS,14.34,4
Edwards County_KS,42.39,6
Elk County_KS,0.00,6
Ellis County_KS,65.33,5
Ellsworth County_KS,39.33,6
Finney County_KS,44.59,5
Ford County_KS,30.78,5
Franklin County_KS,23.07,5
Geary County_KS,19.00,5
Gove County_KS,84.59,6
Graham County_KS,45.62,6
Grant County_KS,23.29,6
Gray County_KS,24.67,6
Greeley County_KS,0.00,6
Greenwood County_KS,25.18,6
Harper County_KS,33.33,6
Harvey County_KS,43.64,3
Haskell County_KS,29.81,6
Hodgeman County_KS,0.00,6
Jackson County_KS,7.54,4
Jefferson County_KS,20.70,4
Jewell County_KS,0.00,6
Johnson County_KS,25.74,2
Kearny County_KS,40.79,5
Kingman County_KS,25.90,3
Labette County_KS,51.47,5
Lane County_KS,0.00,6
Leavenworth County_KS,11.18,2
Lincoln County_KS,0.00,6
Linn County_KS,0.00,2
Logan County_KS,0.00,6
Lyon County_KS,33.71,5
McPherson County_KS,31.52,5
Marion County_KS,19.48,6
Marshall County_KS,37.95,6
Meade County_KS,32.51,6
Miami County_KS,8.99,2
Mitchell County_KS,48.57,6
Montgomery County_KS,42.21,5
Morris County_KS,52.17,6
Morton County_KS,0.00,6
Nemaha County_KS,57.74,6
Neosho County_KS,39.88,6
Ness County_KS,56.40,6
Norton County_KS,68.58,6
Osage County_KS,11.44,4
Osborne County_KS,51.53,6
Ottawa County_KS,25.99,5
Pawnee County_KS,17.64,6
Phillips County_KS,40.77,6
Pottawatomie County_KS,18.27,4
Pratt County_KS,61.28,6
Rawlins County_KS,0.00,6
Reno County_KS,51.38,5
Republic County_KS,38.54,6
Rice County_KS,20.20,6
Riley County_KS,17.57,4
Rooks County_KS,38.98,6
Rush County_KS,51.10,6
Russell County_KS,36.00,6
Saline County_KS,62.39,5
Scott County_KS,56.80,6
Sedgwick County_KS,41.28,3
Seward County_KS,35.89,5
Shawnee County_KS,53.99,4
Sheridan County_KS,45.01,6
Sherman County_KS,25.46,6
Smith County_KS,28.17,6
Stafford County_KS,47.13,6
Stanton County_KS,58.74,6
Stevens County_KS,22.89,6
Sumner County_KS,19.20,3
Thomas County_KS,30.28,6
Trego County_KS,46.61,6
Wabaunsee County_KS,14.42,4
Wallace County_KS,0.00,6
Wichita County_KS,0.00,6
Wilson County_KS,38.42,6
Woodson County_KS,0.00,6
Wyandotte County_KS,52.45,2
Adair County_KY,21.64,6
Allen County_KY,26.42,4
Anderson County_KY,9.17,5
Ballard County_KY,19.49,5
Barren County_KY,77.11,5
Bath County_KY,10.97,5
Bell County_KY,60.78,5
Boone County_KY,19.88,2
Bourbon County_KY,30.18,3
Boyd County_KY,129.36,3
Boyle County_KY,140.25,5
Bracken County_KY,0.00,2
Breathitt County_KY,42.00,6
Breckinridge County_KY,20.86,6
Bullitt County_KY,10.62,2
Butler County_KY,9.74,4
Caldwell County_KY,23.76,6
Calloway County_KY,30.25,5
Campbell County_KY,42.54,2
Carlisle County_KY,20.94,6
Carroll County_KY,18.40,6
Carter County_KY,14.71,6
Casey County_KY,18.20,6
Christian County_KY,26.73,3
Clark County_KY,31.08,3
Clay County_KY,38.64,6
Clinton County_KY,31.44,6
Crittenden County_KY,31.19,6
Cumberland County_KY,57.66,6
Daviess County_KY,68.17,4
Edmonson County_KY,22.97,4
Elliott County_KY,16.35,6
Estill County_KY,21.96,6
Fayette County_KY,55.24,3
Fleming County_KY,22.39,6
Floyd County_KY,58.58,6
Franklin County_KY,45.34,5
Fulton County_KY,0.00,5
Gallatin County_KY,24.07,2
Garrard County_KY,29.03,6
Grant County_KY,7.15,2
Graves County_KY,49.24,5
Grayson County_KY,33.94,6
Green County_KY,32.06,6
Greenup County_KY,16.23,3
Hancock County_KY,0.00,4
Hardin County_KY,57.42,4
Harlan County_KY,45.53,6
Harrison County_KY,49.29,6
Hart County_KY,17.51,6
Henderson County_KY,28.78,3
Henry County_KY,10.82,2
Hickman County_KY,29.04,6
Hopkins County_KY,69.73,5
Jackson County_KY,10.02,6
Jefferson County_KY,52.01,1
Jessamine County_KY,14.21,3
Johnson County_KY,38.18,6
Kenton County_KY,34.03,2
Knott County_KY,14.91,6
Knox County_KY,32.95,5
Larue County_KY,24.03,4
Laurel County_KY,53.27,5
Lawrence County_KY,46.79,6
Lee County_KY,43.42,6
Leslie County_KY,25.13,6
Letcher County_KY,49.79,6
Lewis County_KY,19.19,6
Lincoln County_KY,24.30,5
Livingston County_KY,34.72,5
Logan County_KY,21.33,6
Lyon County_KY,0.00,6
McCracken County_KY,111.34,5
McCreary County_KY,9.53,6
McLean County_KY,16.43,4
Madison County_KY,30.03,5
Magoffin County_KY,12.15,6
Marion County_KY,41.17,6
Marshall County_KY,17.65,6
Martin County_KY,11.61,6
Mason County_KY,89.22,5
Meade County_KY,10.32,4
Menifee County_KY,21.05,5
Mercer County_KY,22.84,6
Metcalfe County_KY,19.37,5
Monroe County_KY,43.29,6
Montgomery County_KY,31.20,5
Morgan County_KY,16.65,6
Muhlenberg County_KY,18.64,6
Nelson County_KY,18.50,5
Nicholas County_KY,16.98,6
Oldham County_KY,15.24,2
Owen County_KY,17.71,6
Owsley County_KY,25.03,6
Pendleton County_KY,10.92,2
Perry County_KY,163.08,6
Pike County_KY,128.45,6
Powell County_KY,11.45,6
Pulaski County_KY,70.06,5
Robertson County_KY,45.19,6
Rockcastle County_KY,77.52,5
Rowan County_KY,71.18,6
Russell County_KY,45.88,6
Scott County_KY,16.89,3
Shelby County_KY,18.99,2
Simpson County_KY,22.31,6
Spencer County_KY,8.60,2
Taylor County_KY,42.07,5
Todd County_KY,10.56,6
Trigg County_KY,13.41,3
Trimble County_KY,0.00,2
Union County_KY,14.22,6
Warren County_KY,64.62,4
Wayne County_KY,27.57,6
Webster County_KY,7.75,6
Whitley County_KY,88.99,5
Wolfe County_KY,0.00,6
Woodford County_KY,10.75,3
Acadia Parish_LA,28.99,3
Allen Parish_LA,33.20,6
Ascension Parish_LA,8.51,3
Assumption Parish_LA,7.68,6
Avoyelles Parish_LA,19.32,6
Beauregard Parish_LA,21.59,5
Bienville Parish_LA,14.80,6
Bossier Parish_LA,30.15,3
Caddo Parish_LA,85.29,3
Calcasieu Parish_LA,34.73,4
Caldwell Parish_LA,31.25,6
Cameron Parish_LA,0.00,4
Catahoula Parish_LA,14.85,6
Claiborne Parish_LA,38.57,6
Concordia Parish_LA,19.53,5
De Soto Parish_LA,14.15,3
East Baton Rouge Parish_LA,53.65,3
East Carroll Parish_LA,0.00,6
East Feliciana Parish_LA,25.31,3
Evangeline Parish_LA,32.91,6
Franklin Parish_LA,33.68,6
Grant Parish_LA,13.11,4
Iberia Parish_LA,23.74,3
Iberville Parish_LA,9.04,3
Jackson Parish_LA,16.06,6
Jefferson Parish_LA,45.62,2
Jefferson Davis Parish_LA,36.93,6
Lafayette Parish_LA,38.87,3
Lafourche Parish_LA,40.78,4
Lincoln Parish_LA,31.30,5
Livingston Parish_LA,5.45,3
Madison Parish_LA,17.34,6
Morehouse Parish_LA,21.88,5
Natchitoches Parish_LA,40.12,5
Orleans Parish_LA,25.68,1
Ouachita Parish_LA,78.04,4
Plaquemines Parish_LA,0.00,2
Pointe Coupee Parish_LA,20.51,3
Rapides Parish_LA,71.52,4
Red River Parish_LA,45.15,6
Richland Parish_LA,20.55,6
Sabine Parish_LA,20.38,6
St Bernard Parish_LA,12.24,2
St Charles Parish_LA,13.62,2
St Helena Parish_LA,0.00,3
St James Parish_LA,16.60,2
St John the Baptist Parish_LA,10.56,2
St Landry Parish_LA,41.47,5
St Martin Parish_LA,8.73,3
St Mary Parish_LA,40.10,5
St Tammany Parish_LA,38.85,2
Tangipahoa Parish_LA,46.06,4
Tensas Parish_LA,0.00,6
Terrebonne Parish_LA,29.95,4
Union Parish_LA,27.17,4
Vermilion Parish_LA,17.57,3
Vernon Parish_LA,19.93,5
Webster Parish_LA,31.89,3
West Baton Rouge Parish_LA,7.62,3
West Carroll Parish_LA,40.50,6
West Feliciana Parish_LA,9.12,3
Winn Parish_LA,34.69,6
Androscoggin County_ME,38.04,4
Aroostook County_ME,24.88,6
Cumberland County_ME,24.91,3
Franklin County_ME,21.06,6
Hancock County_ME,16.42,6
Kennebec County_ME,25.47,5
Knox County_ME,10.28,6
Lincoln County_ME,7.57,6
Oxford County_ME,21.89,6
Penobscot County_ME,34.38,4
Piscataquis County_ME,29.32,6
Sagadahoc County_ME,5.68,3
Somerset County_ME,18.55,6
Waldo County_ME,13.04,6
York County_ME,15.00,3
Allegany County_MD,74.97,4
Anne Arundel County_MD,22.84,2
Baltimore County_MD,30.64,2
Calvert County_MD,16.98,2
Caroline County_MD,9.89,6
Carroll County_MD,29.11,2
Cecil County_MD,27.27,2
Charles County_MD,21.06,2
Dorchester County_MD,14.72,5
Frederick County_MD,20.94,2
Garrett County_MD,48.38,6
Harford County_MD,24.13,2
Howard County_MD,12.13,2
Kent County_MD,27.57,6
Montgomery County_MD,30.44,2
Prince George's County_MD,22.09,2
Queen Anne's County_MD,10.67,2
St Mary's County_MD,22.65,4
Somerset County_MD,8.14,3
Talbot County_MD,43.52,5
Wicomico County_MD,58.46,3
Worcester County_MD,36.76,3
Baltimore city_MD,48.28,1
Barnstable County_MA,25.61,4
Berkshire County_MA,31.50,4
Bristol County_MA,34.80,2
Dukes County_MA,0.00,5
Essex County_MA,31.90,2
Franklin County_MA,14.24,5
Hampden County_MA,41.83,3
Hampshire County_MA,18.53,3
Middlesex County_MA,25.64,2
Nantucket County_MA,0.00,6
Norfolk County_MA,21.51,2
Plymouth County_MA,27.72,2
Suffolk County_MA,38.90,1
Worcester County_MA,31.47,3
Alcona County_MI,21.43,6
Alger County_MI,14.74,6
Allegan County_MI,13.41,5
Alpena County_MI,68.19,5
Antrim County_MI,7.16,6
Arenac County_MI,29.95,6
Baraga County_MI,49.91,6
Barry County_MI,13.03,2
Bay County_MI,63.24,4
Benzie County_MI,16.00,5
Berrien County_MI,39.88,4
Branch County_MI,28.08,5
Calhoun County_MI,39.58,4
Cass County_MI,13.59,3
Charlevoix County_MI,12.62,6
Cheboygan County_MI,24.89,6
Chippewa County_MI,26.08,5
Clare County_MI,28.67,6
Clinton County_MI,9.07,3
Crawford County_MI,79.59,6
Delta County_MI,38.55,5
Dickinson County_MI,50.23,5
Eaton County_MI,12.47,3
Emmet County_MI,60.01,6
Genesee County_MI,44.43,3
Gladwin County_MI,19.60,6
Gogebic County_MI,38.33,6
Grand Traverse County_MI,53.77,5
Gratiot County_MI,50.18,5
Hillsdale County_MI,26.03,5
Houghton County_MI,24.15,5
Huron County_MI,25.20,6
Ingham County_MI,43.66,3
Ionia County_MI,10.33,5
Iosco County_MI,44.62,6
Iron County_MI,73.19,6
Isabella County_MI,24.53,5
Jackson County_MI,40.13,4
Kalamazoo County_MI,46.80,3
Kalkaska County_MI,11.11,5
Kent County_MI,34.15,1
Keweenaw County_MI,0.00,5
Lake County_MI,11.42,6
Lapeer County_MI,40.94,2
Leelanau County_MI,9.32,5
Lenawee County_MI,24.72,5
Livingston County_MI,11.75,2
Luce County_MI,37.48,6
Mackinac County_MI,13.80,6
Macomb County_MI,32.79,2
Manistee County_MI,23.84,6
Marquette County_MI,37.96,5
Mason County_MI,29.43,5
Mecosta County_MI,26.45,5
Menominee County_MI,17.53,5
Midland County_MI,40.47,4
Missaukee County_MI,17.20,5
Monroe County_MI,18.94,4
Montcalm County_MI,24.02,2
Montmorency County_MI,10.76,6
Muskegon County_MI,41.14,4
Newaygo County_MI,18.07,6
Oakland County_MI,43.36,2
Oceana County_MI,15.29,6
Ogemaw County_MI,49.46,6
Ontonagon County_MI,32.57,6
Osceola County_MI,12.58,6
Oscoda County_MI,20.48,6
Otsego County_MI,31.61,6
Ottawa County_MI,20.36,2
Presque Isle County_MI,19.04,6
Roscommon County_MI,11.45,6
Saginaw County_MI,66.29,4
St Clair County_MI,48.15,2
St Joseph County_MI,17.73,5
Sanilac County_MI,19.46,6
Schoolcraft County_MI,17.31,6
Shiawassee County_MI,27.05,5
Tuscola County_MI,14.86,6
Van Buren County_MI,16.26,3
Washtenaw County_MI,35.68,3
Wayne County_MI,42.28,1
Wexford County_MI,40.45,5
Aitkin County_MN,37.80,6
Anoka County_MN,26.11,2
Becker County_MN,19.85,6
Beltrami County_MN,31.67,5
Benton County_MN,28.24,4
Big Stone County_MN,32.96,6
Blue Earth County_MN,26.39,4
Brown County_MN,26.69,5
Carlton County_MN,21.16,3
Carver County_MN,13.49,2
Cass County_MN,9.17,5
Chippewa County_MN,33.69,6
Chisago County_MN,18.88,2
Clay County_MN,14.49,4
Clearwater County_MN,0.00,6
Cook County_MN,0.00,6
Cottonwood County_MN,33.08,6
Crow Wing County_MN,28.24,5
Dakota County_MN,13.65,2
Dodge County_MN,5.26,4
Douglas County_MN,31.07,5
Faribault County_MN,31.62,6
Fillmore County_MN,13.62,4
Freeborn County_MN,20.43,5
Goodhue County_MN,26.15,5
Grant County_MN,17.98,6
Hennepin County_MN,30.95,1
Houston County_MN,10.62,4
Hubbard County_MN,26.38,6
Isanti County_MN,17.23,2
Itasca County_MN,27.29,6
Jackson County_MN,11.03,6
Kanabec County_MN,25.34,6
Kandiyohi County_MN,31.51,5
Kittson County_MN,69.73,6
Koochiching County_MN,26.74,6
Lac qui Parle County_MN,37.27,6
Lake County_MN,21.93,6
Lake of the Woods County_MN,0.00,6
Le Sueur County_MN,10.75,2
Lincoln County_MN,21.41,6
Lyon County_MN,27.34,5
McLeod County_MN,20.13,5
Mahnomen County_MN,26.06,6
Marshall County_MN,13.37,6
Martin County_MN,26.15,6
Meeker County_MN,27.32,6
Mille Lacs County_MN,29.13,2
Morrison County_MN,26.41,6
Mower County_MN,18.70,5
Murray County_MN,15.97,6
Nicollet County_MN,14.81,4
Nobles County_MN,20.34,5
Norman County_MN,0.00,6
Olmsted County_MN,36.79,4
Otter Tail County_MN,19.76,5
Pennington County_MN,26.62,6
Pine County_MN,11.70,6
Pipestone County_MN,24.51,6
Polk County_MN,30.37,4
Pope County_MN,19.35,6
Ramsey County_MN,40.05,1
Red Lake County_MN,0.00,6
Redwood County_MN,22.73,6
Renville County_MN,30.04,6
Rice County_MN,19.76,5
Rock County_MN,30.05,6
Roseau County_MN,22.89,6
St Louis County_MN,44.85,3
Scott County_MN,12.45,2
Sherburne County_MN,10.74,2
Sibley County_MN,12.77,2
Stearns County_MN,44.63,4
Steele County_MN,19.52,5
Stevens County_MN,0.00,6
Swift County_MN,25.53,6
Todd County_MN,23.67,6
Traverse County_MN,0.00,6
Wabasha County_MN,7.45,4
Wadena County_MN,35.99,6
Waseca County_MN,14.77,6
Watonwan County_MN,17.00,6
Wilkin County_MN,27.96,5
Winona County_MN,17.53,5
Wright County_MN,14.85,2
Yellow Medicine County_MN,28.44,6
Adams County_MS,57.50,5
Alcorn County_MS,82.55,5
Amite County_MS,26.04,5
Attala County_MS,38.36,6
Benton County_MS,20.99,2
Bolivar County_MS,32.96,5
Calhoun County_MS,62.06,6
Carroll County_MS,19.25,5
Chickasaw County_MS,21.78,6
Choctaw County_MS,0.00,6
Claiborne County_MS,32.28,5
Clarke County_MS,21.97,5
Clay County_MS,32.91,6
Coahoma County_MS,45.00,5
Copiah County_MS,23.51,3
Covington County_MS,23.02,6
DeSoto County_MS,51.21,2
Forrest County_MS,105.53,4
Franklin County_MS,26.08,6
George County_MS,31.61,6
Greene County_MS,0.00,6
Grenada County_MS,54.67,5
Hancock County_MS,11.94,3
Harrison County_MS,41.76,3
Hinds County_MS,93.66,3
Holmes County_MS,21.06,6
Humphreys County_MS,17.10,6
Issaquena County_MS,0.00,6
Itawamba County_MS,11.31,5
Jackson County_MS,40.20,3
Jasper County_MS,7.37,5
Jefferson County_MS,16.69,6
Jefferson Davis County_MS,22.30,6
Jones County_MS,46.60,5
Kemper County_MS,18.09,5
Lafayette County_MS,101.51,5
Lamar County_MS,45.11,4
Lauderdale County_MS,110.25,5
Lawrence County_MS,18.53,6
Leake County_MS,41.93,6
Lee County_MS,127.94,5
Leflore County_MS,106.78,5
Lincoln County_MS,50.52,5
Lowndes County_MS,82.95,5
Madison County_MS,25.67,3
Marion County_MS,19.36,6
Marshall County_MS,24.21,2
Monroe County_MS,62.44,6
Montgomery County_MS,79.28,6
Neshoba County_MS,30.10,6
Newton County_MS,10.86,6
Noxubee County_MS,18.71,6
Oktibbeha County_MS,34.06,5
Panola County_MS,32.43,6
Pearl River County_MS,22.64,5
Perry County_MS,8.73,4
Pike County_MS,53.21,5
Pontotoc County_MS,28.45,5
Prentiss County_MS,41.74,6
Quitman County_MS,0.00,6
Rankin County_MS,20.27,3
Scott County_MS,14.37,6
Sharkey County_MS,46.25,6
Simpson County_MS,45.77,3
Smith County_MS,14.11,6
Stone County_MS,9.74,6
Sunflower County_MS,41.58,5
Tallahatchie County_MS,17.71,6
Tate County_MS,23.80,2
Tippah County_MS,29.57,6
Tishomingo County_MS,35.18,6
Tunica County_MS,14.50,2
Union County_MS,55.50,6
Walthall County_MS,15.19,6
Warren County_MS,67.52,5
Wayne County_MS,44.57,6
Webster County_MS,61.31,6
Wilkinson County_MS,26.24,6
Winston County_MS,38.56,6
Yalobusha County_MS,17.71,6
Yazoo County_MS,23.44,3
Adair County_MO,30.52,5
Andrew County_MO,11.63,4
Atchison County_MO,38.05,6
Audrain County_MO,24.64,5
Barry County_MO,14.42,6
Barton County_MO,28.34,6
Bates County_MO,31.09,2
Benton County_MO,24.32,6
Bollinger County_MO,18.00,4
Boone County_MO,46.78,4
Buchanan County_MO,56.58,4
Butler County_MO,69.55,5
Caldwell County_MO,0.00,2
Callaway County_MO,11.23,4
Camden County_MO,62.48,6
Cape Girardeau County_MO,65.50,4
Carroll County_MO,33.14,6
Carter County_MO,0.00,6
Cass County_MO,14.95,2
Cedar County_MO,22.25,6
Chariton County_MO,33.85,6
Christian County_MO,6.84,3
Clark County_MO,29.89,5
Clay County_MO,42.65,2
Clinton County_MO,56.01,2
Cole County_MO,69.33,4
Cooper County_MO,17.86,6
Crawford County_MO,51.54,6
Dade County_MO,31.56,6
Dallas County_MO,23.12,3
Daviess County_MO,0.00,6
DeKalb County_MO,13.13,4
Dent County_MO,34.66,6
Douglas County_MO,28.99,6
Dunklin County_MO,12.18,5
Franklin County_MO,30.71,2
Gasconade County_MO,57.52,6
Gentry County_MO,27.51,6
Greene County_MO,74.60,3
Grundy County_MO,38.80,6
Harrison County_MO,19.58,6
Henry County_MO,19.42,6
Hickory County_MO,23.67,6
Holt County_MO,0.00,6
Howard County_MO,15.77,6
Howell County_MO,54.95,5
Iron County_MO,14.78,6
Jackson County_MO,39.92,1
Jasper County_MO,12.49,4
Jefferson County_MO,21.96,2
Johnson County_MO,18.47,5
Knox County_MO,0.00,6
Laclede County_MO,27.68,5
Lafayette County_MO,19.42,2
Lawrence County_MO,25.90,6
Lewis County_MO,0.00,5
Lincoln County_MO,10.97,2
Linn County_MO,25.32,6
Livingston County_MO,51.79,6
McDonald County_MO,6.41,3
Macon County_MO,27.71,6
Madison County_MO,18.94,6
Maries County_MO,0.00,6
Marion County_MO,64.94,5
Mercer County_MO,28.66,6
Miller County_MO,15.22,6
Moniteau County_MO,17.65,4
Monroe County_MO,21.89,6
Montgomery County_MO,24.61,6
Morgan County_MO,21.13,6
New Madrid County_MO,21.09,6
Newton County_MO,150.18,4
Nodaway County_MO,16.69,5
Osage County_MO,12.00,4
Ozark County_MO,23.00,6
Pemiscot County_MO,21.53,6
Perry County_MO,11.09,6
Pettis County_MO,42.42,5
Phelps County_MO,70.88,5
Pike County_MO,9.11,6
Platte County_MO,17.82,2
Polk County_MO,51.91,3
Pulaski County_MO,5.75,5
Putnam County_MO,27.76,6
Ralls County_MO,0.00,5
Randolph County_MO,30.50,5
Ray County_MO,10.38,2
Reynolds County_MO,0.00,6
Ripley County_MO,0.00,6
St Charles County_MO,25.55,2
St Clair County_MO,19.14,6
Ste Genevieve County_MO,10.25,6
St Francois County_MO,29.32,5
St Louis County_MO,46.48,2
Saline County_MO,29.71,5
Schuyler County_MO,39.83,5
Scotland County_MO,46.98,6
Scott County_MO,41.64,5
Shannon County_MO,15.53,6
Shelby County_MO,0.00,6
Stoddard County_MO,17.17,6
Stone County_MO,5.40,5
Sullivan County_MO,20.22,6
Taney County_MO,29.83,5
Vernon County_MO,31.54,6
Warren County_MO,8.55,2
Wayne County_MO,12.84,6
Webster County_MO,15.19,3
Worth County_MO,0.00,6
Wright County_MO,9.70,6
St Louis city_MO,42.53,1
Beaverhead County_MT,36.84,6
Big Horn County_MT,12.31,6
Blaine County_MT,14.30,6
Broadwater County_MT,0.00,6
Carbon County_MT,14.87,4
Carter County_MT,0.00,6
Cascade County_MT,62.57,4
Chouteau County_MT,0.00,6
Custer County_MT,33.52,6
Daniels County_MT,0.00,6
Dawson County_MT,59.61,6
Deer Lodge County_MT,44.37,6
Fallon County_MT,0.00,6
Fergus County_MT,38.97,6
Flathead County_MT,38.35,5
Gallatin County_MT,10.77,5
Glacier County_MT,22.57,6
Golden Valley County_MT,0.00,4
Granite County_MT,0.00,6
Hill County_MT,40.73,6
Jefferson County_MT,0.00,5
Lake County_MT,22.94,6
Lewis and Clark County_MT,30.92,5
Liberty County_MT,0.00,6
Lincoln County_MT,21.10,6
McCone County_MT,0.00,6
Madison County_MT,12.40,6
Meagher County_MT,0.00,6
Mineral County_MT,0.00,6
Missoula County_MT,31.94,4
Musselshell County_MT,22.47,6
Park County_MT,24.66,6
Phillips County_MT,35.55,6
Pondera County_MT,0.00,6
Powder River County_MT,0.00,6
Powell County_MT,25.76,6
Prairie County_MT,0.00,6
Ravalli County_MT,25.49,6
Richland County_MT,22.81,6
Roosevelt County_MT,34.45,6
Rosebud County_MT,17.07,6
Sanders County_MT,31.20,6
Sheridan County_MT,0.00,6
Silver Bow County_MT,40.86,5
Stillwater County_MT,0.00,6
Sweet Grass County_MT,0.00,6
Teton County_MT,0.00,6
Toole County_MT,0.00,6
Valley County_MT,41.06,6
Wheatland County_MT,0.00,6
Wibaux County_MT,0.00,6
Yellowstone County_MT,67.69,4
Adams County_NE,40.53,5
Antelope County_NE,23.85,6
Boone County_NE,29.74,6
Box Butte County_NE,21.40,6
Boyd County_NE,0.00,6
Brown County_NE,0.00,6
Buffalo County_NE,48.71,5
Burt County_NE,20.81,6
Butler County_NE,0.00,6
Cass County_NE,11.55,3
Cedar County_NE,27.51,6
Chase County_NE,0.00,6
Cherry County_NE,0.00,6
Cheyenne County_NE,30.55,6
Clay County_NE,21.39,6
Colfax County_NE,0.00,6
Cuming County_NE,36.75,6
Custer County_NE,11.43,6
Dakota County_NE,15.45,4
Dawes County_NE,30.57,6
Dawson County_NE,23.75,5
Deuel County_NE,0.00,6
Dixon County_NE,0.00,4
Dodge County_NE,39.35,5
Douglas County_NE,34.86,3
Dundy County_NE,0.00,6
Fillmore County_NE,28.78,6
Franklin County_NE,0.00,6
Frontier County_NE,0.00,6
Furnas County_NE,0.00,6
Gage County_NE,28.65,5
Garden County_NE,0.00,6
Garfield County_NE,55.13,6
Gosper County_NE,0.00,5
Greeley County_NE,0.00,6
Hall County_NE,39.22,4
Hamilton County_NE,29.75,4
Harlan County_NE,0.00,6
Hitchcock County_NE,0.00,6
Holt County_NE,18.82,6
Howard County_NE,27.70,4
Jefferson County_NE,0.00,6
Johnson County_NE,28.30,6
Kearney County_NE,0.00,5
Keith County_NE,27.69,6
Keya Paha County_NE,0.00,6
Kimball County_NE,32.43,6
Knox County_NE,13.11,6
Lancaster County_NE,26.83,3
Lincoln County_NE,57.82,5
Madison County_NE,39.48,5
Merrick County_NE,15.63,4
Morrill County_NE,52.72,6
Nance County_NE,38.60,6
Nemaha County_NE,45.40,6
Nuckolls County_NE,44.20,6
Otoe County_NE,15.00,6
Pawnee County_NE,0.00,6
Perkins County_NE,56.26,6
Phelps County_NE,30.12,6
Pierce County_NE,30.03,5
Platte County_NE,23.33,5
Polk County_NE,42.42,6
Red Willow County_NE,30.04,6
Richardson County_NE,29.47,6
Rock County_NE,0.00,6
Saline County_NE,0.00,6
Sarpy County_NE,11.35,3
Saunders County_NE,14.57,3
Scotts Bluff County_NE,55.17,5
Seward County_NE,15.32,3
Sheridan County_NE,53.15,6
Sherman County_NE,0.00,6
Sioux County_NE,0.00,5
Stanton County_NE,0.00,5
Thayer County_NE,28.22,6
Thurston County_NE,18.03,6
Valley County_NE,0.00,6
Wayne County_NE,21.48,6
Webster County_NE,0.00,6
York County_NE,12.67,6
Churchill County_NV,43.67,5
Clark County_NV,41.36,1
Douglas County_NV,12.69,5
Elko County_NV,20.44,5
Esmeralda County_NV,0.00,6
Eureka County_NV,0.00,5
Humboldt County_NV,25.93,5
Lander County_NV,0.00,6
Lincoln County_NV,0.00,6
Lyon County_NV,9.62,5
Mineral County_NV,21.92,6
Nye County_NV,15.88,5
Pershing County_NV,21.39,6
Storey County_NV,0.00,3
Washoe County_NV,33.93,3
White Pine County_NV,20.13,6
Carson City_NV,69.67,4
Belknap County_NH,30.99,5
Carroll County_NH,11.75,6
Cheshire County_NH,19.01,5
Coos County_NH,38.60,5
Grafton County_NH,22.31,5
Hillsborough County_NH,25.95,3
Merrimack County_NH,23.22,5
Rockingham County_NH,16.08,2
Strafford County_NH,20.16,2
Sullivan County_NH,11.74,5
Atlantic County_NJ,39.40,3
Bergen County_NJ,44.13,2
Burlington County_NJ,28.56,2
Camden County_NJ,39.84,2
Cape May County_NJ,28.19,4
Cumberland County_NJ,41.16,4
Essex County_NJ,46.81,1
Gloucester County_NJ,31.45,2
Hudson County_NJ,30.99,1
Hunterdon County_NJ,22.89,2
Mercer County_NJ,32.46,3
Middlesex County_NJ,38.95,2
Monmouth County_NJ,39.52,2
Morris County_NJ,43.29,2
Ocean County_NJ,42.69,2
Passaic County_NJ,39.62,2
Salem County_NJ,26.63,2
Somerset County_NJ,25.82,2
Sussex County_NJ,26.01,2
Union County_NJ,37.91,1
Warren County_NJ,33.59,3
Bernalillo County_NM,50.05,3
Catron County_NM,0.00,6
Chaves County_NM,51.92,5
Cibola County_NM,42.04,5
Colfax County_NM,38.91,6
Curry County_NM,38.28,5
De Baca County_NM,0.00,6
Eddy County_NM,30.90,5
Grant County_NM,23.22,5
Guadalupe County_NM,0.00,6
Hidalgo County_NM,0.00,6
Lea County_NM,28.64,5
Lincoln County_NM,28.99,6
Los Alamos County_NM,13.96,5
Luna County_NM,21.55,5
McKinley County_NM,44.21,5
Mora County_NM,0.00,6
Otero County_NM,22.85,5
Quay County_NM,28.88,6
Rio Arriba County_NM,26.35,5
Roosevelt County_NM,26.73,5
Sandoval County_NM,54.19,3
San Juan County_NM,67.31,4
San Miguel County_NM,14.75,5
Santa Fe County_NM,29.89,4
Sierra County_NM,52.09,6
Socorro County_NM,23.18,6
Taos County_NM,25.47,5
Torrance County_NM,11.83,3
Union County_NM,0.00,6
Valencia County_NM,13.64,3
Albany County_NY,39.72,3
Allegany County_NY,26.47,6
Bronx County_NY,50.05,1
Broome County_NY,46.93,4
Cattaraugus County_NY,37.12,5
Cayuga County_NY,21.37,5
Chautauqua County_NY,32.83,5
Chemung County_NY,45.01,4
Chenango County_NY,30.31,6
Clinton County_NY,20.98,5
Columbia County_NY,37.68,5
Cortland County_NY,28.14,5
Dutchess County_NY,34.01,2
Erie County_NY,43.39,1
Essex County_NY,19.61,6
Franklin County_NY,13.79,5
Fulton County_NY,35.06,5
Genesee County_NY,40.65,5
Greene County_NY,7.48,6
Hamilton County_NY,0.00,6
Herkimer County_NY,17.49,3
Jefferson County_NY,16.52,4
Kings County_NY,41.69,1
Lewis County_NY,17.26,6
Livingston County_NY,20.59,2
Madison County_NY,27.22,3
Monroe County_NY,35.32,1
Montgomery County_NY,49.23,5
Nassau County_NY,48.53,2
Niagara County_NY,29.64,2
Oneida County_NY,46.40,3
Onondaga County_NY,38.77,3
Ontario County_NY,31.10,2
Orange County_NY,34.81,2
Orleans County_NY,23.31,2
Oswego County_NY,15.53,3
Otsego County_NY,42.30,5
Putnam County_NY,14.20,2
Queens County_NY,40.80,1
Rensselaer County_NY,20.98,3
Richmond County_NY,47.96,1
Rockland County_NY,40.21,2
St Lawrence County_NY,26.41,5
Saratoga County_NY,14.89,3
Schenectady County_NY,27.10,3
Schoharie County_NY,8.69,3
Schuyler County_NY,6.18,6
Seneca County_NY,16.12,5
Steuben County_NY,31.24,5
Suffolk County_NY,43.50,2
Sullivan County_NY,19.71,6
Tioga County_NY,15.99,4
Tompkins County_NY,14.60,4
Ulster County_NY,17.93,4
Warren County_NY,46.28,4
Wayne County_NY,19.08,2
Westchester County_NY,39.42,2
Yates County_NY,18.26,2
Alamance County_NC,25.95,4
Alexander County_NC,11.79,3
Alleghany County_NC,19.08,6
Anson County_NC,21.23,6
Ashe County_NC,39.61,6
Avery County_NC,11.31,6
Beaufort County_NC,42.23,5
Bertie County_NC,15.90,6
Bladen County_NC,14.54,6
Brunswick County_NC,18.93,3
Buncombe County_NC,44.82,3
Burke County_NC,48.71,3
Cabarrus County_NC,39.45,2
Caldwell County_NC,43.31,3
Camden County_NC,0.00,5
Carteret County_NC,25.89,5
Caswell County_NC,9.26,6
Catawba County_NC,58.63,3
Chatham County_NC,16.72,3
Cherokee County_NC,35.07,6
Chowan County_NC,60.94,6
Clay County_NC,40.72,6
Cleveland County_NC,61.05,5
Columbus County_NC,41.80,6
Craven County_NC,39.35,4
Cumberland County_NC,29.43,3
Currituck County_NC,4.44,2
Dare County_NC,6.14,5
Davidson County_NC,25.71,3
Davie County_NC,12.92,3
Duplin County_NC,31.19,6
Durham County_NC,28.70,3
Edgecombe County_NC,39.72,4
Forsyth County_NC,52.25,3
Franklin County_NC,6.62,2
Gaston County_NC,44.12,2
Gates County_NC,13.43,2
Graham County_NC,0.00,6
Granville County_NC,18.42,5
Greene County_NC,7.37,6
Guilford County_NC,37.06,3
Halifax County_NC,38.48,5
Harnett County_NC,21.11,5
Haywood County_NC,39.61,3
Henderson County_NC,43.85,3
Hertford County_NC,69.12,6
Hoke County_NC,14.95,3
Hyde County_NC,0.00,6
Iredell County_NC,36.25,2
Jackson County_NC,29.04,5
Johnston County_NC,17.41,2
Jones County_NC,13.05,4
Lee County_NC,20.13,5
Lenoir County_NC,47.56,5
Lincoln County_NC,26.89,2
McDowell County_NC,23.75,5
Macon County_NC,29.13,6
Madison County_NC,18.64,3
Martin County_NC,16.51,6
Mecklenburg County_NC,27.50,1
Mitchell County_NC,66.12,6
Montgomery County_NC,15.50,6
Moore County_NC,76.58,5
Nash County_NC,41.14,4
New Hanover County_NC,39.44,3
Northampton County_NC,18.61,5
Onslow County_NC,17.24,4
Orange County_NC,34.70,3
Pamlico County_NC,8.11,4
Pasquotank County_NC,60.68,5
Pender County_NC,7.37,3
Perquimans County_NC,7.64,5
Person County_NC,21.17,3
Pitt County_NC,48.54,4
Polk County_NC,31.13,6
Randolph County_NC,21.18,3
Richmond County_NC,43.15,5
Robeson County_NC,37.02,5
Rockingham County_NC,27.25,3
Rowan County_NC,42.12,2
Rutherford County_NC,49.52,5
Sampson County_NC,21.33,6
Scotland County_NC,86.05,5
Stanly County_NC,26.94,5
Stokes County_NC,14.53,3
Surry County_NC,75.14,5
Swain County_NC,17.75,6
Transylvania County_NC,22.32,5
Tyrrell County_NC,0.00,5
Union County_NC,21.63,2
Vance County_NC,47.71,5
Wake County_NC,17.85,1
Warren County_NC,0.00,6
Watauga County_NC,28.41,5
Wayne County_NC,44.54,4
Wilkes County_NC,36.89,5
Wilson County_NC,44.03,5
Yadkin County_NC,12.87,3
Yancey County_NC,20.39,6
Adams County_ND,97.06,6
Barnes County_ND,38.83,6
Benson County_ND,0.00,6
Bottineau County_ND,23.46,6
Bowman County_ND,0.00,6
Burleigh County_ND,56.26,4
Cass County_ND,56.75,4
Cavalier County_ND,0.00,6
Dickey County_ND,68.68,6
Divide County_ND,0.00,6
Dunn County_ND,0.00,6
Eddy County_ND,0.00,6
Emmons County_ND,0.00,6
Foster County_ND,56.20,6
Grand Forks County_ND,33.51,4
Grant County_ND,52.49,6
Griggs County_ND,0.00,6
Hettinger County_ND,0.00,6
Kidder County_ND,0.00,6
LaMoure County_ND,36.62,6
Logan County_ND,0.00,6
McHenry County_ND,36.07,5
McIntosh County_ND,0.00,6
McKenzie County_ND,0.00,6
McLean County_ND,40.87,6
Mercer County_ND,0.00,6
Morton County_ND,17.93,4
Mountrail County_ND,0.00,6
Nelson County_ND,59.77,6
Pembina County_ND,20.59,6
Pierce County_ND,80.83,6
Ramsey County_ND,43.21,6
Ransom County_ND,52.87,6
Renville County_ND,44.26,5
Richland County_ND,6.04,5
Rolette County_ND,17.35,6
Sargent County_ND,0.00,6
Stark County_ND,24.30,5
Steele County_ND,0.00,6
Stutsman County_ND,38.50,5
Towner County_ND,0.00,6
Traill County_ND,31.31,6
Walsh County_ND,34.29,6
Ward County_ND,51.34,5
Wells County_ND,30.40,6
Williams County_ND,13.10,5
Adams County_OH,37.14,6
Allen County_OH,88.50,4
Ashland County_OH,41.25,5
Ashtabula County_OH,46.61,5
Athens County_OH,21.41,5
Auglaize County_OH,31.77,5
Belmont County_OH,28.01,4
Brown County_OH,16.03,2
Butler County_OH,32.75,2
Carroll County_OH,13.87,3
Champaign County_OH,16.52,5
Clark County_OH,47.42,4
Clermont County_OH,15.85,2
Clinton County_OH,37.36,5
Columbiana County_OH,44.42,5
Coshocton County_OH,24.05,5
Crawford County_OH,54.98,5
Cuyahoga County_OH,48.99,1
Darke County_OH,31.31,5
Defiance County_OH,48.13,5
Erie County_OH,51.78,5
Fairfield County_OH,33.93,2
Fayette County_OH,29.04,5
Franklin County_OH,39.07,1
Fulton County_OH,27.53,3
Gallia County_OH,88.73,5
Geauga County_OH,44.83,2
Greene County_OH,33.62,3
Guernsey County_OH,34.46,5
Hamilton County_OH,44.18,1
Hancock County_OH,61.30,5
Hardin County_OH,15.70,6
Harrison County_OH,29.75,6
Henry County_OH,23.91,6
Highland County_OH,23.52,6
Hocking County_OH,23.20,2
Holmes County_OH,47.18,6
Huron County_OH,32.35,5
Jackson County_OH,23.92,5
Jefferson County_OH,53.57,4
Knox County_OH,33.12,5
Lake County_OH,30.87,2
Lawrence County_OH,13.89,3
Licking County_OH,27.89,2
Logan County_OH,25.38,5
Lorain County_OH,37.33,2
Lucas County_OH,61.81,3
Madison County_OH,16.62,2
Mahoning County_OH,69.33,3
Marion County_OH,68.89,5
Medina County_OH,21.20,2
Meigs County_OH,18.55,6
Mercer County_OH,27.33,5
Miami County_OH,40.52,3
Monroe County_OH,18.77,6
Montgomery County_OH,64.28,3
Morgan County_OH,32.78,6
Morrow County_OH,11.39,2
Muskingum County_OH,55.68,5
Noble County_OH,30.96,6
Ottawa County_OH,23.64,5
Paulding County_OH,24.45,6
Perry County_OH,16.08,2
Pickaway County_OH,32.04,2
Pike County_OH,20.33,6
Portage County_OH,26.82,3
Preble County_OH,12.97,6
Putnam County_OH,24.72,6
Richland County_OH,48.03,4
Ross County_OH,63.00,5
Sandusky County_OH,39.12,5
Scioto County_OH,56.64,5
Seneca County_OH,29.49,5
Shelby County_OH,26.24,5
Stark County_OH,60.87,3
Summit County_OH,42.52,3
Trumbull County_OH,42.29,3
Tuscarawas County_OH,54.45,5
Union County_OH,18.92,2
Van Wert County_OH,39.51,5
Vinton County_OH,19.65,6
Warren County_OH,22.03,2
Wayne County_OH,39.27,5
Williams County_OH,35.78,6
Wood County_OH,21.66,3
Wyandot County_OH,29.88,6
Adair County_OK,21.03,6
Alfalfa County_OK,0.00,6
Atoka County_OK,27.46,6
Beaver County_OK,0.00,6
Beckham County_OK,53.60,5
Blaine County_OK,27.94,6
Bryan County_OK,48.14,5
Caddo County_OK,36.07,6
Canadian County_OK,16.42,2
Carter County_OK,63.46,5
Cherokee County_OK,50.98,5
Choctaw County_OK,33.64,6
Cimarron County_OK,0.00,6
Cleveland County_OK,30.64,2
Coal County_OK,28.32,6
Comanche County_OK,41.99,4
Cotton County_OK,27.27,4
Craig County_OK,27.59,6
Creek County_OK,16.92,3
Custer County_OK,42.13,5
Dewey County_OK,72.03,6
Ellis County_OK,0.00,6
Garfield County_OK,62.23,5
Garvin County_OK,33.87,6
Grady County_OK,28.48,2
Grant County_OK,0.00,6
Greer County_OK,56.33,6
Harmon County_OK,0.00,6
Harper County_OK,0.00,6
Haskell County_OK,19.85,6
Hughes County_OK,29.90,6
Jackson County_OK,53.44,5
Jefferson County_OK,31.70,6
Johnston County_OK,25.19,6
Kay County_OK,47.17,5
Kingfisher County_OK,33.49,6
Latimer County_OK,32.60,6
Le Flore County_OK,14.86,3
Lincoln County_OK,16.89,2
Logan County_OK,16.03,2
Love County_OK,47.10,6
McClain County_OK,11.83,2
McCurtain County_OK,33.69,6
McIntosh County_OK,16.19,6
Major County_OK,41.77,6
Marshall County_OK,12.89,6
Mayes County_OK,16.31,6
Murray County_OK,54.38,6
Muskogee County_OK,74.96,5
Noble County_OK,23.81,6
Nowata County_OK,22.39,6
Okfuskee County_OK,27.61,6
Okmulgee County_OK,26.36,3
Osage County_OK,13.75,3
Ottawa County_OK,41.23,5
Pawnee County_OK,18.52,3
Payne County_OK,23.76,5
Pittsburg County_OK,61.08,5
Pontotoc County_OK,62.96,5
Pottawatomie County_OK,52.95,5
Pushmataha County_OK,25.94,6
Roger Mills County_OK,0.00,6
Rogers County_OK,21.85,3
Seminole County_OK,21.72,6
Sequoyah County_OK,18.52,3
Stephens County_OK,61.67,5
Tillman County_OK,0.00,6
Tulsa County_OK,66.21,3
Wagoner County_OK,9.72,3
Washita County_OK,27.63,6
Woods County_OK,40.67,6
Woodward County_OK,48.84,5
Baker County_OR,18.45,6
Benton County_OR,15.93,4
Clackamas County_OR,17.39,2
Clatsop County_OR,12.30,5
Columbia County_OR,5.66,2
Coos County_OR,22.61,5
Crook County_OR,18.47,5
Curry County_OR,18.67,5
Deschutes County_OR,28.56,4
Douglas County_OR,34.28,5
Gilliam County_OR,0.00,6
Grant County_OR,0.00,6
Harney County_OR,30.56,6
Hood River County_OR,14.16,5
Jackson County_OR,28.81,4
Jefferson County_OR,13.26,6
Josephine County_OR,41.29,4
Klamath County_OR,32.92,5
Lake County_OR,20.61,6
Lane County_OR,18.84,3
Lincoln County_OR,15.59,5
Linn County_OR,16.22,4
Malheur County_OR,16.40,5
Marion County_OR,24.03,3
Morrow County_OR,0.00,5
Multnomah County_OR,23.68,1
Polk County_OR,5.76,3
Tillamook County_OR,19.59,6
Umatilla County_OR,19.72,5
Union County_OR,27.86,5
Wallowa County_OR,24.00,6
Wasco County_OR,26.27,5
Yamhill County_OR,18.32,2
Adams County_PA,30.43,4
Allegheny County_PA,43.91,1
Armstrong County_PA,36.95,2
Beaver County_PA,43.01,2
Bedford County_PA,25.68,6
Berks County_PA,38.10,3
Blair County_PA,73.01,4
Bradford County_PA,67.86,5
Bucks County_PA,31.57,2
Butler County_PA,41.44,2
Cambria County_PA,58.67,4
Cameron County_PA,0.00,6
Carbon County_PA,37.17,3
Centre County_PA,26.18,4
Chester County_PA,27.74,2
Clarion County_PA,41.24,6
Clearfield County_PA,60.14,5
Clinton County_PA,12.73,5
Columbia County_PA,20.67,4
Crawford County_PA,40.89,5
Cumberland County_PA,45.89,3
Dauphin County_PA,52.21,3
Elk County_PA,25.66,6
Erie County_PA,45.47,3
Fayette County_PA,49.00,2
Forest County_PA,32.05,6
Franklin County_PA,53.47,4
Fulton County_PA,32.32,6
Greene County_PA,20.32,6
Huntingdon County_PA,41.06,5
Jefferson County_PA,44.77,6
Juniata County_PA,37.59,6
Lackawanna County_PA,49.13,3
Lancaster County_PA,36.77,3
Lawrence County_PA,46.02,5
Lebanon County_PA,32.80,4
Lehigh County_PA,63.31,3
Luzerne County_PA,49.48,3
Lycoming County_PA,61.36,4
McKean County_PA,34.79,5
Mercer County_PA,44.51,3
Mifflin County_PA,81.97,5
Monroe County_PA,34.56,4
Montgomery County_PA,40.28,2
Montour County_PA,476.35,4
Northampton County_PA,29.09,3
Northumberland County_PA,31.84,5
Perry County_PA,14.81,3
Philadelphia County_PA,34.00,1
Pike County_PA,6.57,2
Potter County_PA,47.78,6
Schuylkill County_PA,39.49,5
Snyder County_PA,8.31,5
Somerset County_PA,55.81,5
Sullivan County_PA,35.95,6
Susquehanna County_PA,25.07,6
Tioga County_PA,43.28,6
Union County_PA,59.83,5
Venango County_PA,44.66,5
Warren County_PA,48.09,5
Wayne County_PA,38.50,6
Westmoreland County_PA,32.26,2
York County_PA,35.91,3
Bristol County_RI,19.73,2
Kent County_RI,30.92,2
Newport County_RI,11.95,2
Providence County_RI,46.10,1
Abbeville County_SC,16.47,5
Aiken County_SC,28.86,3
Allendale County_SC,0.00,6
Anderson County_SC,54.93,3
Bamberg County_SC,19.77,6
Barnwell County_SC,10.71,6
Beaufort County_SC,21.43,4
Berkeley County_SC,14.63,3
Calhoun County_SC,19.81,3
Charleston County_SC,42.21,3
Cherokee County_SC,19.77,5
Chester County_SC,18.66,2
Chesterfield County_SC,34.34,6
Clarendon County_SC,29.71,6
Colleton County_SC,60.19,6
Darlington County_SC,46.88,4
Dillon County_SC,33.49,6
Dorchester County_SC,19.90,3
Edgefield County_SC,13.39,3
Fairfield County_SC,24.10,3
Florence County_SC,100.54,4
Georgetown County_SC,62.59,5
Greenville County_SC,47.94,3
Greenwood County_SC,70.57,5
Hampton County_SC,34.32,6
Horry County_SC,37.69,3
Jasper County_SC,42.51,4
Kershaw County_SC,31.41,3
Lancaster County_SC,26.55,2
Laurens County_SC,34.69,3
Lee County_SC,11.61,6
Lexington County_SC,35.64,3
McCormick County_SC,14.52,6
Marion County_SC,36.69,6
Marlboro County_SC,6.45,5
Newberry County_SC,37.72,5
Oconee County_SC,53.39,5
Orangeburg County_SC,55.08,5
Pickens County_SC,34.58,3
Richland County_SC,36.13,3
Saluda County_SC,20.15,3
Spartanburg County_SC,62.57,3
Sumter County_SC,41.44,4
Union County_SC,18.49,3
Williamsburg County_SC,21.90,6
York County_SC,27.00,2
Aurora County_SD,0.00,6
Beadle County_SD,26.54,5
Bennett County_SD,35.55,6
Bon Homme County_SD,32.81,6
Brookings County_SD,15.26,5
Brown County_SD,42.21,5
Brule County_SD,39.85,6
Buffalo County_SD,0.00,6
Butte County_SD,21.04,6
Charles Mix County_SD,18.32,6
Clark County_SD,0.00,6
Clay County_SD,9.93,5
Codington County_SD,31.27,5
Corson County_SD,0.00,6
Custer County_SD,19.83,4
Davison County_SD,45.60,5
Day County_SD,66.03,6
Deuel County_SD,0.00,6
Dewey County_SD,0.00,6
Douglas County_SD,67.60,6
Edmunds County_SD,32.39,5
Fall River County_SD,30.88,6
Faulk County_SD,56.43,6
Grant County_SD,54.52,6
Gregory County_SD,62.89,6
Haakon County_SD,64.81,6
Hamlin County_SD,64.18,6
Hand County_SD,35.13,6
Hughes County_SD,38.88,5
Hutchinson County_SD,40.52,6
Hyde County_SD,0.00,6
Jackson County_SD,0.00,6
Jerauld County_SD,109.07,6
Kingsbury County_SD,22.99,6
Lake County_SD,24.60,6
Lawrence County_SD,24.01,5
Lincoln County_SD,10.82,4
Lyman County_SD,0.00,6
McCook County_SD,43.75,4
McPherson County_SD,45.74,6
Marshall County_SD,0.00,6
Meade County_SD,23.86,4
Mellette County_SD,0.00,6
Miner County_SD,43.24,6
Minnehaha County_SD,66.50,4
Moody County_SD,29.99,6
Pennington County_SD,42.15,4
Perkins County_SD,0.00,6
Potter County_SD,0.00,6
Roberts County_SD,35.24,6
Sanborn County_SD,0.00,6
Spink County_SD,53.93,6
Stanley County_SD,0.00,5
Todd County_SD,19.38,6
Tripp County_SD,23.26,6
Turner County_SD,58.50,4
Union County_SD,7.69,4
Walworth County_SD,41.69,6
Yankton County_SD,52.30,5
Ziebach County_SD,54.17,6
Anderson County_TN,51.85,3
Bedford County_TN,24.54,5
Benton County_TN,18.25,6
Bledsoe County_TN,9.41,6
Blount County_TN,36.90,3
Bradley County_TN,39.29,4
Campbell County_TN,32.24,3
Cannon County_TN,24.66,2
Carroll County_TN,44.37,6
Carter County_TN,44.41,4
Cheatham County_TN,8.94,2
Chester County_TN,13.75,4
Claiborne County_TN,49.11,6
Clay County_TN,38.21,6
Cocke County_TN,60.57,5
Coffee County_TN,36.99,5
Crockett County_TN,37.35,4
Cumberland County_TN,47.97,5
Davidson County_TN,55.02,1
Decatur County_TN,17.45,6
DeKalb County_TN,20.55,6
Dickson County_TN,63.54,2
Dyer County_TN,57.33,5
Fayette County_TN,9.37,2
Fentress County_TN,19.68,6
Franklin County_TN,42.36,5
Gibson County_TN,21.36,6
Giles County_TN,38.15,6
Grainger County_TN,13.45,3
Greene County_TN,36.53,5
Grundy County_TN,11.76,6
Hamblen County_TN,61.72,4
Hamilton County_TN,60.01,3
Hancock County_TN,17.84,6
Hardeman County_TN,17.31,6
Hardin County_TN,32.35,6
Hawkins County_TN,11.54,3
Haywood County_TN,14.09,6
Henderson County_TN,28.34,6
Henry County_TN,38.77,5
Hickman County_TN,9.16,2
Houston County_TN,38.69,6
Humphreys County_TN,17.30,6
Jackson County_TN,13.61,5
Jefferson County_TN,47.05,4
Johnson County_TN,19.98,6
Knox County_TN,54.26,3
Lake County_TN,19.19,6
Lauderdale County_TN,12.80,6
Lawrence County_TN,29.58,5
Lewis County_TN,14.90,6
Lincoln County_TN,28.15,6
Loudon County_TN,22.95,3
McMinn County_TN,31.22,5
McNairy County_TN,15.84,6
Macon County_TN,17.19,2
Madison County_TN,141.59,4
Marion County_TN,14.17,3
Marshall County_TN,11.74,5
Maury County_TN,61.54,2
Meigs County_TN,8.48,6
Monroe County_TN,45.76,6
Montgomery County_TN,23.44,3
Moore County_TN,16.71,5
Morgan County_TN,10.90,3
Obion County_TN,51.94,5
Overton County_TN,41.32,5
Perry County_TN,31.84,6
Pickett County_TN,25.75,6
Polk County_TN,7.91,4
Putnam County_TN,65.53,5
Rhea County_TN,30.13,5
Roane County_TN,39.25,3
Robertson County_TN,30.34,2
Rutherford County_TN,37.35,2
Scott County_TN,23.27,6
Sequatchie County_TN,12.92,3
Sevier County_TN,36.95,5
Shelby County_TN,43.37,1
Smith County_TN,17.38,2
Stewart County_TN,21.72,6
Sullivan County_TN,90.57,3
Sumner County_TN,38.99,2
Tipton County_TN,14.87,2
Trousdale County_TN,0.00,2
Unicoi County_TN,17.99,4
Union County_TN,9.49,3
Van Buren County_TN,22.36,6
Warren County_TN,32.62,5
Wayne County_TN,20.89,6
Weakley County_TN,32.19,5
White County_TN,18.47,6
Williamson County_TN,17.19,2
Wilson County_TN,24.38,2
Anderson County_TX,38.60,5
Andrews County_TX,22.71,5
Angelina County_TX,71.57,5
Aransas County_TX,11.11,3
Archer County_TX,0.00,4
Armstrong County_TX,0.00,3
Atascosa County_TX,35.40,2
Austin County_TX,7.88,2
Bailey County_TX,27.78,6
Bandera County_TX,7.95,2
Bastrop County_TX,5.05,2
Baylor County_TX,46.22,6
Bee County_TX,32.11,5
Bell County_TX,37.98,3
Bexar County_TX,45.49,1
Blanco County_TX,13.58,6
Borden County_TX,0.00,6
Bosque County_TX,17.38,6
Bowie County_TX,104.61,4
Brazoria County_TX,20.94,2
Brazos County_TX,36.80,4
Brewster County_TX,24.27,6
Briscoe County_TX,0.00,6
Brooks County_TX,19.97,6
Brown County_TX,62.88,5
Burleson County_TX,11.10,4
Burnet County_TX,37.79,6
Caldwell County_TX,12.22,2
Calhoun County_TX,15.56,5
Callahan County_TX,15.79,4
Cameron County_TX,60.30,3
Camp County_TX,36.65,6
Carson County_TX,0.00,3
Cass County_TX,33.69,6
Castro County_TX,25.87,6
Chambers County_TX,14.05,2
Cherokee County_TX,38.49,5
Childress County_TX,43.09,6
Clay County_TX,19.39,4
Cochran County_TX,0.00,6
Coke County_TX,30.25,6
Coleman County_TX,63.31,6
Collin County_TX,25.85,1
Collingsworth County_TX,53.55,6
Comal County_TX,35.05,2
Comanche County_TX,45.17,6
Concho County_TX,0.00,6
Cooke County_TX,27.24,5
Coryell County_TX,13.70,3
Cottle County_TX,0.00,6
Crane County_TX,51.80,6
Crockett County_TX,0.00,6
Crosby County_TX,23.64,3
Culberson County_TX,0.00,6
Dallam County_TX,0.00,6
Dallas County_TX,28.94,1
Dawson County_TX,46.09,5
Deaf Smith County_TX,26.00,5
Delta County_TX,0.00,6
Denton County_TX,18.37,2
DeWitt County_TX,46.86,6
Dimmit County_TX,21.14,6
Donley County_TX,0.00,6
Duval County_TX,15.18,6
Eastland County_TX,29.74,6
Ector County_TX,60.03,4
Edwards County_TX,0.00,6
Ellis County_TX,25.24,2
El Paso County_TX,52.29,3
Erath County_TX,18.08,5
Falls County_TX,15.87,3
Fannin County_TX,22.57,6
Fayette County_TX,21.53,6
Fisher County_TX,0.00,6
Floyd County_TX,54.46,6
Foard County_TX,0.00,6
Fort Bend County_TX,14.81,2
Franklin County_TX,14.35,6
Freestone County_TX,21.88,6
Frio County_TX,20.51,6
Gaines County_TX,12.82,6
Galveston County_TX,29.72,2
Garza County_TX,0.00,6
Gillespie County_TX,44.72,5
Glasscock County_TX,0.00,5
Goliad County_TX,0.00,4
Gonzales County_TX,27.91,6
Gray County_TX,59.15,5
Grayson County_TX,73.82,4
Gregg County_TX,100.17,4
Grimes County_TX,9.03,6
Guadalupe County_TX,19.54,2
Hale County_TX,51.14,5
Hall County_TX,53.24,6
Hamilton County_TX,33.94,6
Hansford County_TX,36.49,6
Hardeman County_TX,0.00,6
Hardin County_TX,11.08,3
Harris County_TX,28.89,1
Harrison County_TX,13.86,5
Hartley County_TX,43.15,6
Haskell County_TX,33.27,6
Hays County_TX,20.39,2
Hemphill County_TX,0.00,6
Henderson County_TX,32.59,5
Hidalgo County_TX,46.32,3
Hill County_TX,23.90,6
Hockley County_TX,39.32,5
Hood County_TX,40.58,2
Hopkins County_TX,61.89,5
Houston County_TX,24.99,6
Howard County_TX,36.61,5
Hudspeth County_TX,0.00,3
Hunt County_TX,37.38,2
Hutchinson County_TX,33.74,5
Jack County_TX,20.81,6
Jackson County_TX,9.96,6
Jasper County_TX,25.35,6
Jeff Davis County_TX,0.00,6
Jefferson County_TX,62.10,3
Jim Hogg County_TX,0.00,6
Jim Wells County_TX,38.07,5
Johnson County_TX,16.35,2
Jones County_TX,13.15,4
Karnes County_TX,30.50,6
Kaufman County_TX,11.75,2
Kendall County_TX,11.48,2
Kent County_TX,0.00,6
Kerr County_TX,39.59,5
Kimble County_TX,0.00,6
Kinney County_TX,0.00,6
Kleberg County_TX,39.99,5
Knox County_TX,60.25,6
Lamar County_TX,73.43,5
Lamb County_TX,41.81,6
Lampasas County_TX,21.28,3
La Salle County_TX,19.51,6
Lavaca County_TX,38.16,6
Lee County_TX,11.33,6
Leon County_TX,10.06,6
Liberty County_TX,11.16,2
Limestone County_TX,32.48,6
Lipscomb County_TX,33.74,6
Live Oak County_TX,0.00,6
Llano County_TX,27.56,6
Lubbock County_TX,79.75,3
Lynn County_TX,19.49,3
McCulloch County_TX,21.15,6
McLennan County_TX,52.08,3
McMullen County_TX,0.00,6
Madison County_TX,15.53,6
Marion County_TX,12.42,6
Martin County_TX,0.00,4
Mason County_TX,0.00,6
Matagorda County_TX,36.13,5
Maverick County_TX,44.94,5
Medina County_TX,9.63,2
Menard County_TX,0.00,6
Midland County_TX,38.73,4
Milam County_TX,13.16,6
Mills County_TX,44.70,6
Mitchell County_TX,16.67,6
Montague County_TX,29.96,6
Montgomery County_TX,36.22,2
Moore County_TX,37.76,5
Morris County_TX,15.82,6
Motley County_TX,0.00,6
Nacogdoches County_TX,66.61,5
Navarro County_TX,39.12,5
Newton County_TX,22.21,3
Nolan County_TX,73.12,5
Nueces County_TX,58.72,3
Ochiltree County_TX,34.57,6
Oldham County_TX,0.00,3
Orange County_TX,6.72,3
Palo Pinto County_TX,46.01,5
Panola County_TX,27.49,6
Parker County_TX,21.53,2
Parmer County_TX,35.78,6
Pecos County_TX,9.96,6
Polk County_TX,28.39,6
Potter County_TX,144.91,3
Presidio County_TX,0.00,6
Rains County_TX,10.48,6
Randall County_TX,9.79,3
Reagan County_TX,0.00,6
Real County_TX,0.00,6
Red River County_TX,12.11,6
Reeves County_TX,29.60,5
Refugio County_TX,20.89,6
Robertson County_TX,12.42,4
Rockwall County_TX,44.32,2
Runnels County_TX,47.52,6
Rusk County_TX,19.92,4
Sabine County_TX,27.12,6
San Augustine County_TX,37.97,6
San Jacinto County_TX,7.56,6
San Patricio County_TX,9.67,3
San Saba County_TX,0.00,6
Schleicher County_TX,0.00,6
Scurry County_TX,37.99,5
Shackelford County_TX,0.00,6
Shelby County_TX,13.76,6
Sherman County_TX,0.00,6
Smith County_TX,104.40,4
Somervell County_TX,43.57,2
Starr County_TX,18.67,5
Stephens County_TX,22.69,6
Sterling County_TX,0.00,6
Stonewall County_TX,0.00,6
Sutton County_TX,0.00,6
Swisher County_TX,15.83,6
Tarrant County_TX,37.48,1
Taylor County_TX,93.44,4
Terry County_TX,30.69,6
Throckmorton County_TX,0.00,6
Titus County_TX,52.16,5
Tom Green County_TX,58.79,4
Travis County_TX,19.44,1
Trinity County_TX,15.99,5
Tyler County_TX,22.63,6
Upshur County_TX,7.46,4
Upton County_TX,30.76,6
Uvalde County_TX,42.48,5
Val Verde County_TX,31.73,5
Van Zandt County_TX,13.97,6
Victoria County_TX,82.83,4
Walker County_TX,22.31,5
Waller County_TX,4.59,2
Ward County_TX,16.74,6
Webb County_TX,46.88,3
Wharton County_TX,24.72,5
Wheeler County_TX,32.53,6
Wichita County_TX,78.77,4
Wilbarger County_TX,69.14,5
Willacy County_TX,6.44,5
Williamson County_TX,21.21,2
Wilson County_TX,15.90,2
Winkler County_TX,15.88,6
Wise County_TX,46.28,2
Wood County_TX,19.91,6
Yoakum County_TX,46.08,6
Young County_TX,36.32,6
Zapata County_TX,7.93,5
Zavala County_TX,0.00,6
Beaver County_UT,15.34,6
Box Elder County_UT,9.46,3
Cache County_UT,8.38,4
Carbon County_UT,29.82,5
Davis County_UT,10.79,3
Duchesne County_UT,11.62,6
Emery County_UT,12.08,6
Garfield County_UT,0.00,6
Grand County_UT,0.00,6
Iron County_UT,11.43,5
Juab County_UT,9.10,3
Kane County_UT,0.00,6
Millard County_UT,9.90,6
Morgan County_UT,0.00,3
Piute County_UT,0.00,6
Salt Lake County_UT,19.95,1
San Juan County_UT,13.83,6
Sanpete County_UT,9.67,6
Sevier County_UT,9.65,6
Summit County_UT,2.57,5
Tooele County_UT,8.99,2
Uintah County_UT,13.00,5
Wasatch County_UT,5.04,5
Weber County_UT,22.88,3
Addison County_VT,7.21,6
Bennington County_VT,28.64,5
Caledonia County_VT,13.18,6
Chittenden County_VT,18.42,4
Franklin County_VT,12.93,4
Grand Isle County_VT,0.00,4
Lamoille County_VT,9.22,6
Orange County_VT,4.74,5
Orleans County_VT,13.08,6
Rutland County_VT,15.86,5
Windham County_VT,8.71,6
Windsor County_VT,10.17,5
Accomack County_VA,29.99,6
Albemarle County_VA,22.42,4
Alleghany County_VA,66.37,6
Amelia County_VA,26.26,2
Amherst County_VA,9.87,3
Appomattox County_VA,14.68,3
Arlington County_VA,21.29,1
Augusta County_VA,45.55,4
Bath County_VA,38.72,6
Bedford County_VA,9.62,3
Bland County_VA,27.36,6
Botetourt County_VA,8.87,3
Brunswick County_VA,10.07,6
Buchanan County_VA,32.58,6
Buckingham County_VA,12.43,4
Campbell County_VA,8.66,3
Caroline County_VA,11.18,2
Carroll County_VA,22.66,6
Charles City County_VA,0.00,2
Charlotte County_VA,0.00,6
Chesterfield County_VA,18.76,2
Clarke County_VA,20.74,2
Craig County_VA,0.00,3
Culpeper County_VA,30.54,2
Cumberland County_VA,0.00,6
Dickenson County_VA,17.93,5
Dinwiddie County_VA,0.00,2
Essex County_VA,39.65,6
Fairfax County_VA,14.15,2
Fauquier County_VA,14.26,2
Floyd County_VA,14.18,4
Fluvanna County_VA,6.88,4
Franklin County_VA,26.48,3
Frederick County_VA,9.24,4
Giles County_VA,16.81,4
Gloucester County_VA,38.96,2
Goochland County_VA,0.00,2
Grayson County_VA,20.23,6
Greene County_VA,13.93,4
Greensville County_VA,8.81,6
Halifax County_VA,56.45,6
Hanover County_VA,47.29,2
Henrico County_VA,36.78,2
Henry County_VA,14.65,5
Highland County_VA,0.00,6
Isle of Wight County_VA,11.48,2
James City County_VA,11.58,2
King and Queen County_VA,0.00,6
King George County_VA,4.41,6
King William County_VA,5.52,2
Lancaster County_VA,25.77,6
Lee County_VA,22.19,6
Loudoun County_VA,10.42,2
Louisa County_VA,8.54,6
Lunenburg County_VA,0.00,6
Madison County_VA,12.94,6
Mathews County_VA,12.91,2
Mecklenburg County_VA,46.13,6
Middlesex County_VA,22.35,6
Montgomery County_VA,32.44,4
Nelson County_VA,0.00,4
New Kent County_VA,0.00,2
Northampton County_VA,26.43,6
Northumberland County_VA,0.00,6
Nottoway County_VA,19.86,6
Orange County_VA,8.66,6
Page County_VA,35.39,6
Patrick County_VA,33.48,6
Pittsylvania County_VA,8.97,5
Powhatan County_VA,4.21,2
Prince Edward County_VA,39.26,6
Prince George County_VA,0.00,2
Prince William County_VA,10.61,2
Pulaski County_VA,38.48,4
Rappahannock County_VA,0.00,2
Richmond County_VA,15.57,6
Roanoke County_VA,9.19,3
Rockbridge County_VA,14.14,6
Rockingham County_VA,49.20,4
Russell County_VA,24.96,6
Scott County_VA,19.97,3
Shenandoah County_VA,35.23,6
Smyth County_VA,33.04,6
Southampton County_VA,15.02,6
Spotsylvania County_VA,9.73,2
Stafford County_VA,4.31,2
Surry County_VA,0.00,6
Sussex County_VA,15.77,2
Tazewell County_VA,51.77,5
Warren County_VA,28.80,2
Westmoreland County_VA,8.60,6
Wise County_VA,28.47,5
Wythe County_VA,47.83,6
York County_VA,21.92,2
Alexandria city_VA,21.10,1
Bristol city_VA,26.25,3
Buena Vista city_VA,36.27,6
Charlottesville city_VA,80.60,4
Chesapeake city_VA,18.97,2
Colonial Heights city_VA,29.09,2
Covington city_VA,0.00,6
Danville city_VA,83.17,5
Emporia city_VA,70.87,6
Fairfax city_VA,21.32,2
Falls Church city_VA,8.89,2
Franklin city_VA,106.41,6
Fredericksburg city_VA,140.65,2
Galax city_VA,186.37,6
Hampton city_VA,23.40,2
Harrisonburg city_VA,16.29,4
Hopewell city_VA,83.78,2
Lexington city_VA,67.73,6
Lynchburg city_VA,114.80,3
Manassas city_VA,70.23,2
Manassas Park city_VA,0.00,2
Martinsville city_VA,237.47,5
Newport News city_VA,33.24,2
Norfolk city_VA,36.53,1
Norton city_VA,199.78,5
Petersburg city_VA,116.46,2
Poquoson city_VA,0.00,2
Portsmouth city_VA,39.13,2
Radford city_VA,11.61,4
Richmond city_VA,40.24,1
Roanoke city_VA,95.34,3
Salem city_VA,164.53,3
Staunton city_VA,15.13,4
Suffolk city_VA,48.66,2
Waynesboro city_VA,10.24,4
Williamsburg city_VA,0.00,2
Winchester city_VA,237.11,4
Adams County_WA,5.80,5
Asotin County_WA,29.47,4
Benton County_WA,34.24,3
Chelan County_WA,41.63,4
Clallam County_WA,19.05,5
Clark County_WA,19.22,2
Columbia County_WA,27.60,4
Cowlitz County_WA,30.18,4
Douglas County_WA,5.98,4
Ferry County_WA,22.00,6
Franklin County_WA,15.15,3
Garfield County_WA,0.00,6
Grant County_WA,16.29,5
Grays Harbor County_WA,20.57,5
Island County_WA,10.46,5
Jefferson County_WA,6.61,6
King County_WA,14.54,1
Kitsap County_WA,13.17,3
Kittitas County_WA,14.76,5
Klickitat County_WA,10.00,6
Lewis County_WA,21.04,5
Lincoln County_WA,13.43,6
Mason County_WA,14.82,5
Okanogan County_WA,20.22,6
Pacific County_WA,16.01,6
Pend Oreille County_WA,22.55,3
Pierce County_WA,20.32,2
San Juan County_WA,0.00,6
Skagit County_WA,21.02,4
Skamania County_WA,0.00,2
Snohomish County_WA,12.36,2
Spokane County_WA,31.83,3
Stevens County_WA,22.03,3
Thurston County_WA,20.61,3
Wahkiakum County_WA,0.00,6
Walla Walla County_WA,28.08,4
Whatcom County_WA,19.57,4
Whitman County_WA,15.43,5
Yakima County_WA,31.12,4
Barbour County_WV,15.54,6
Berkeley County_WV,27.26,3
Boone County_WV,20.96,4
Braxton County_WV,29.19,6
Brooke County_WV,104.88,4
Cabell County_WV,90.82,3
Calhoun County_WV,0.00,6
Clay County_WV,30.22,4
Doddridge County_WV,0.00,5
Fayette County_WV,28.91,4
Gilmer County_WV,0.00,6
Grant County_WV,44.61,6
Greenbrier County_WV,58.01,6
Hampshire County_WV,16.77,4
Hancock County_WV,23.67,4
Hardy County_WV,10.55,6
Harrison County_WV,61.50,5
Jackson County_WV,25.59,6
Jefferson County_WV,24.38,2
Kanawha County_WV,65.95,4
Lewis County_WV,41.35,6
Lincoln County_WV,8.40,3
Logan County_WV,55.80,5
McDowell County_WV,25.30,6
Marion County_WV,11.76,5
Marshall County_WV,46.92,4
Mason County_WV,25.31,5
Mercer County_WV,49.43,5
Mineral County_WV,35.70,4
Mingo County_WV,9.92,6
Monongalia County_WV,90.15,4
Monroe County_WV,0.00,6
Morgan County_WV,28.46,6
Nicholas County_WV,24.10,6
Pendleton County_WV,22.98,6
Pleasants County_WV,18.36,6
Pocahontas County_WV,20.35,6
Preston County_WV,24.26,4
Putnam County_WV,24.08,3
Raleigh County_WV,81.04,4
Randolph County_WV,48.15,5
Ritchie County_WV,11.95,6
Roane County_WV,19.37,6
Summers County_WV,15.98,6
Taylor County_WV,24.17,5
Tucker County_WV,29.89,6
Tyler County_WV,0.00,6
Upshur County_WV,30.68,6
Wayne County_WV,17.88,3
Webster County_WV,14.46,6
Wetzel County_WV,30.85,6
Wirt County_WV,0.00,4
Wood County_WV,52.57,4
Adams County_WI,10.08,6
Ashland County_WI,30.56,6
Barron County_WI,27.38,6
Bayfield County_WI,9.18,6
Brown County_WI,35.97,3
Buffalo County_WI,0.00,6
Burnett County_WI,16.14,6
Calumet County_WI,9.90,4
Chippewa County_WI,17.89,4
Clark County_WI,16.43,6
Columbia County_WI,22.60,3
Crawford County_WI,11.20,6
Dane County_WI,19.47,3
Dodge County_WI,36.77,5
Door County_WI,22.46,6
Douglas County_WI,20.14,3
Dunn County_WI,11.05,5
Eau Claire County_WI,41.09,4
Florence County_WI,0.00,5
Fond du Lac County_WI,31.52,4
Forest County_WI,23.79,6
Grant County_WI,19.76,5
Green County_WI,23.52,3
Green Lake County_WI,29.28,6
Iron County_WI,63.16,6
Jackson County_WI,11.43,6
Jefferson County_WI,17.21,5
Juneau County_WI,9.34,6
Kenosha County_WI,47.97,2
Kewaunee County_WI,12.15,3
La Crosse County_WI,43.04,4
Lafayette County_WI,11.36,6
Langlade County_WI,44.61,6
Lincoln County_WI,37.65,5
Manitowoc County_WI,20.77,5
Marathon County_WI,51.18,4
Marinette County_WI,32.46,5
Marquette County_WI,17.85,6
Menominee County_WI,0.00,5
Milwaukee County_WI,29.66,1
Monroe County_WI,17.74,6
Oconto County_WI,11.97,3
Oneida County_WI,49.67,6
Outagamie County_WI,34.98,4
Ozaukee County_WI,38.41,2
Pepin County_WI,0.00,6
Pierce County_WI,10.92,2
Polk County_WI,25.38,6
Portage County_WI,18.94,5
Price County_WI,12.78,6
Racine County_WI,32.10,4
Richland County_WI,23.25,6
Rock County_WI,28.06,4
Rusk County_WI,26.11,6
St Croix County_WI,11.41,2
Sauk County_WI,23.26,5
Sawyer County_WI,26.30,6
Shawano County_WI,26.43,5
Sheboygan County_WI,32.06,4
Taylor County_WI,41.12,6
Trempealeau County_WI,15.91,6
Vernon County_WI,31.44,6
Vilas County_WI,15.41,6
Walworth County_WI,19.47,5
Washburn County_WI,17.94,6
Waukesha County_WI,31.51,2
Waupaca County_WI,33.80,6
Waushara County_WI,13.35,6
Winnebago County_WI,28.80,4
Wood County_WI,65.03,5
Albany County_WY,11.19,5
Big Horn County_WY,39.57,6
Campbell County_WY,30.04,5
Carbon County_WY,19.91,6
Converse County_WY,31.30,6
Crook County_WY,23.34,6
Fremont County_WY,27.71,5
Goshen County_WY,39.09,6
Hot Springs County_WY,36.96,6
Johnson County_WY,22.17,6
Laramie County_WY,35.75,4
Lincoln County_WY,9.99,6
Natrona County_WY,57.84,4
Niobrara County_WY,0.00,6
Park County_WY,40.35,6
Platte County_WY,35.89,6
Sheridan County_WY,31.82,5
Sublette County_WY,12.59,6
Sweetwater County_WY,26.76,5
Teton County_WY,8.12,5
Uinta County_WY,11.18,5
Washakie County_WY,40.30,6
Weston County_WY,17.59,6

(3008 rows affected)


Completion time: 2023-04-21T16:37:28.0764343-04:00
